name,url,industry,social page,location,founded,size
Kuits,http://www.kuits.com,Law Practice,https://www.linkedin.com/company/247856,Manchester. England. United Kingdom,,51-200
Wake Smith Solicitors,http://www.wake-smith.co.uk,Law Practice,https://www.linkedin.com/company/743634,Sheffield. England. United Kingdom,1802,51-200
Berry Smith LLP,http://www.berrysmith.com,Law Practice,https://www.linkedin.com/company/461040,Cardiff. Wales. United Kingdom,1986,51-200
Griffith Smith LLP,http://www.griffithsmith.co.uk/,Law Practice,https://www.linkedin.com/company/5138451,Brighton. England. United Kingdom,1881,51-200
Piper Smith Watton LLP,http://www.blakemorgan.co.uk,Law Practice,https://www.linkedin.com/company/541574,Barbican. England. United Kingdom,,51-200
Bermans,http://www.bermans.co.uk,Law Practice,https://www.linkedin.com/company/811468,Liverpool. England. United Kingdom,1970,51-200
Bright Solicitors,http://www.brightllp.co.uk/,Law Practice,https://www.linkedin.com/company/408167,Plymouth. England. United Kingdom,2006,51-200
Andrew & Co LLP Solicitors,http://www.andrew-solicitors.co.uk,Law Practice,https://www.linkedin.com/company/636075,United Kingdom,1832,51-200
187 Fleet Street | Chambers of Andrew Trollope QC and Richard Christie QC,http://www.187fleetstreet.com/,Law Practice,https://www.linkedin.com/company/187-fleet-street-chambers-of-andrew-trollope-qc,EC4A 2AT. London. 187 Fleet Street,1974,51-200
Andrew Jackson Solicitors LLP,http://www.andrewjackson.co.uk,Law Practice,https://www.linkedin.com/company/367897,Hull. England. United Kingdom,1874,51-200
Woodfines Solicitors,http://www.woodfines.co.uk,Law Practice,https://www.linkedin.com/company/1052910,Bedford. England. United Kingdom,,51-200
Lincoln House Chambers,http://www.lincolnhousechambers.com/,Law Practice,https://www.linkedin.com/company/1282363,Manchester. England. United Kingdom,1978,51-200
Williamsons Solicitors,http://www.williamsons-solicitors.co.uk,Law Practice,https://www.linkedin.com/company/5175959,Hull. England. United Kingdom,1890,51-200
TC Young LLP,http://www.tcyoung.co.uk,Law Practice,https://www.linkedin.com/company/1281627,Glasgow. Scotland. United Kingdom,1841,51-200
Sharp Young & Pearce LLP,http://www.rotherasharp.co.uk,Law Practice,https://www.linkedin.com/company/9415871,Nottingham. England. United Kingdom,1876,51-200
Fieldings Porter Solicitors. Bolton and Manchester,https://www.fieldingsporter.co.uk,Law Practice,https://www.linkedin.com/company/546542,Bolton. England. United Kingdom,1871,51-200
Wrigleys Solicitors,http://www.wrigleys.co.uk,Law Practice,https://www.linkedin.com/company/947967,Leeds. England. United Kingdom,1996,51-200
Wilkinson Woodward Solicitors,http://www.wilkinsonwoodward.co.uk,Law Practice,https://www.linkedin.com/company/2398546,Halifax. England. United Kingdom,1886,51-200
VHS Fletchers Solicitors,http://www.vhsfletchers.co.uk/,Law Practice,https://www.linkedin.com/company/5028347,Nottingham. England. United Kingdom,2008,51-200
Swain & Co Solicitors,https://www.swainandco.com,Law Practice,https://www.linkedin.com/company/1105502,Havant. England. United Kingdom,2002,51-200
Mathys & Squire LLP,http://www.mathys-squire.com,Law Practice,https://www.linkedin.com/company/69691,South Bank. England. United Kingdom,1910,51-200
Marsden Rawsthorn Solicitors Limited,http://www.marsdenrawsthorn.com,Law Practice,https://www.linkedin.com/company/244102,Preston. England. United Kingdom,,51-200
Landmark Chambers,http://www.landmarkchambers.co.uk,Law Practice,https://www.linkedin.com/company/533825,Temple. England. United Kingdom,,51-200
Matrix Chambers,http://www.matrixlaw.co.uk,Law Practice,https://www.linkedin.com/company/1044890,London. England. United Kingdom,2000,51-200
Barker Brettell LLP,http://www.barkerbrettell.co.uk/,Law Practice,https://www.linkedin.com/company/80131,Birmingham. England. United Kingdom,,51-200
Cloisters Chambers,http://www.cloisters.com,Law Practice,https://www.linkedin.com/company/1263501,Temple. England. United Kingdom,,51-200
3PB.,www.3pb.co.uk,Law Practice,https://www.linkedin.com/company/1062489,London. United Kingdom,1892,51-200
Douglas-Jones Mercer - DJM Solicitors,http://www.djm.law.co.uk,Law Practice,https://www.linkedin.com/company/495252,Swansea Vale. Wales. United Kingdom,1946,51-200
Farleys Solicitors LLP,http://www.farleys.com,Law Practice,https://www.linkedin.com/company/1087780,Blackburn. England. United Kingdom,1958,51-200
Noble Solicitors,http://www.noblesolicitors.co.uk,Law Practice,https://www.linkedin.com/company/1913397,Luton. England. United Kingdom,1996,51-200
One Pump Court Chambers,http://www.onepumpcourt.co.uk,Law Practice,https://www.linkedin.com/company/1036478,Temple. England. United Kingdom,,51-200
Morgan LaRoche Limited,http://www.morganlaroche.com,Law Practice,https://www.linkedin.com/company/1252620,Swansea Enterprise Park. Wales. United Kingdom,2002,51-200
Coole Bevis LLP,http://www.coolebevisllp.com,Law Practice,https://www.linkedin.com/company/10577170,Brighton. England. United Kingdom,1890,51-200
BHW Solicitors,http://www.bhwsolicitors.com,Law Practice,https://www.linkedin.com/company/2735420,Enderby. England. United Kingdom,2003,51-200
Kings Chambers,http://www.kingschambers.com,Law Practice,https://www.linkedin.com/company/650647,Manchester. England. United Kingdom,1946,51-200
Deloitte Legal,https://www2.deloitte.com/uk/en/services/legal.html?icid=top_legal,Law Practice,https://www.linkedin.com/company/742405,Fleet Street. England. United Kingdom,1997,51-200
Pearson Solicitors and Financial Advisers Ltd,https://www.pearsonlegal.co.uk,Law Practice,https://www.linkedin.com/company/621590,Oldham. England. United Kingdom,,51-200
Butterworths Solicitors,http://www.butterworths-solicitors.co.uk,Law Practice,https://www.linkedin.com/company/2507276,United Kingdom,1993,51-200
Saunders Law,http://www.saunders.co.uk,Law Practice,https://www.linkedin.com/company/121241,Temple. England. United Kingdom,2015,51-200
Longmores Solicitors,http://www.longmores.law,Law Practice,https://www.linkedin.com/company/2069397,Hertford. England. United Kingdom,1819,51-200
Palmers Solicitors,http://www.palmerslaw.co.uk/,Law Practice,https://www.linkedin.com/company/1362921,Basildon. England. United Kingdom,,51-200
MSB,http://www.msbsolicitors.co.uk,Law Practice,https://www.linkedin.com/company/1133917,Liverpool. England. United Kingdom,1988,51-200
Paul Robinson Solicitors LLP,http://www.paulrobinson.co.uk,Law Practice,https://www.linkedin.com/company/2728343,London. England. United Kingdom,1983,51-200
Curtis Law Solicitors,http://www.curtislaw.co.uk,Law Practice,https://www.linkedin.com/company/1936563,Blackburn. England. United Kingdom,2008,51-200
Armitage Sykes Solicitors - now part of Schofield Sweeney,http://www.schofieldsweeney.co.uk,Law Practice,https://www.linkedin.com/company/4029439,Huddersfield. England. United Kingdom,1750,51-200
Alsters Kelley Solicitors Limited,http://www.alsterskelley.com,Law Practice,https://www.linkedin.com/company/853535,Leamington Spa. England. United Kingdom,1987,51-200
Forrester Sylvester Mackett Solicitors,http://www.fsmsolicitors.co.uk,Law Practice,https://www.linkedin.com/company/2744202,Chippenham. England. United Kingdom,1800,51-200
Star Legal Solicitors,http://star-legal.co.uk/,Law Practice,https://www.linkedin.com/company/5069475,Bristol. England. United Kingdom,2011,51-200
Clear Law Solicitors LLP,http://www.clearlawonline.co.uk,Law Practice,https://www.linkedin.com/company/988181,Manchester. England. United Kingdom,2005,51-200
Burnetts Solicitors,http://www.burnetts.co.uk,Law Practice,https://www.linkedin.com/company/996668,Rosehill Industrial Estate. England. United Kingdom,1890,51-200
Bhatia Best Solicitors,http://www.bhatiabest.co.uk,Law Practice,https://www.linkedin.com/company/3514150,Nottingham. England. United Kingdom,1993,51-200
Smith Jones Solicitors,http://www.smithjonessolicitors.co.uk,Law Practice,https://www.linkedin.com/company/1993419,Burnley. England. United Kingdom,1988,51-200
K J Smith Solicitors,https://www.kjsmith.co.uk,Law Practice,https://www.linkedin.com/company/3204108,Woodley. England. United Kingdom,2009,51-200
Battens Solicitors Limited,https://www.battens.co.uk,Law Practice,https://www.linkedin.com/company/1578367,Yeovil. England. United Kingdom,,51-200
Breeze & Wyles Solicitors Limited,www.breezeandwyles.co.uk,Law Practice,https://www.linkedin.com/company/576257,Stevenage. United Kingdom,,51-200
Tughans Solicitors,http://www.tughans.com,Law Practice,https://www.linkedin.com/company/1354123,Belfast. Northern Ireland. United Kingdom,1896,51-200
Redkite Solicitors,http://www.redkitelaw.co.uk,Law Practice,https://www.linkedin.com/company/2244591,Roath. Wales. United Kingdom,1898,51-200
Hartley & Worstenholme,http://www.hartley-worstenholme.co.uk,Law Practice,https://www.linkedin.com/company/926822,Castleford. England. United Kingdom,1874,51-200
Premier Solicitors,http://www.premiersolicitors.co.uk/,Law Practice,https://www.linkedin.com/company/2938453,Bedford. England. United Kingdom,2006,51-200
Doyle Clayton - Workplace law and advisory,http://www.doyleclayton.co.uk,Law Practice,https://www.linkedin.com/company/651510,Moorgate. England. United Kingdom,1997,51-200
Thursfields Solicitors,http://www.thursfields.co.uk,Law Practice,https://www.linkedin.com/company/988007,Kidderminster. England. United Kingdom,1877,51-200
Bromleys Solicitors LLP,http://www.bromleys.co.uk,Law Practice,https://www.linkedin.com/company/3613752,Ashton-under-Lyne. England. United Kingdom,1875,51-200
Arc Property Solicitors,http://www.arcpropertysolicitors.com,Law Practice,https://www.linkedin.com/company/607856,Harrogate. England. United Kingdom,2004,51-200
Hampson Hughes Solicitors,http://www.hampsonhughes.com,Law Practice,https://www.linkedin.com/company/1182493,Liverpool. England. United Kingdom,2009,51-200
Wansbroughs Solicitors,http://www.wansbroughs.com,Law Practice,https://www.linkedin.com/company/3486295,Devizes. England. United Kingdom,,51-200
Mullis & Peake LLP Solicitors,http://www.mplaw.co.uk,Law Practice,https://www.linkedin.com/company/2892044,Romford. England. United Kingdom,1902,51-200
Mincoffs Solicitors,http://www.mincoffs.co.uk,Law Practice,https://www.linkedin.com/company/1691786,Newcastle upon Tyne. England. United Kingdom,1948,51-200
CJCH Solicitors,http://www.cjchsolicitors.co.uk/,Law Practice,https://www.linkedin.com/company/10447472,Cardiff. Wales. United Kingdom,1983,51-200
Rayden Solicitors,http://www.raydensolicitors.co.uk,Law Practice,https://www.linkedin.com/company/1519189,St Albans. England. United Kingdom,,51-200
McHale & Co Solicitors,http://www.mchaleandco.co.uk,Law Practice,https://www.linkedin.com/company/648852,Altrincham. England. United Kingdom,2001,51-200
Streathers Solicitors LLP,http://www.streathers.co.uk,Law Practice,https://www.linkedin.com/company/10323212,South Marylebone. England. United Kingdom,1976,51-200
Tallents Solicitors,http://www.tallents.co.uk,Law Practice,https://www.linkedin.com/company/2620527,Newark-on-Trent. England. United Kingdom,1774,51-200
Clifton Ingram LLP Solicitors,http://www.cliftoningram.co.uk,Law Practice,https://www.linkedin.com/company/2047285,Wokingham. England. United Kingdom,,51-200
Miller Samuel Hill Brown Solicitors,http://www.mshblegal.com,Law Practice,https://www.linkedin.com/company/476259,Glasgow. Scotland. United Kingdom,1974,51-200
Humphries Kirk Solicitors,http://www.hklaw.uk,Law Practice,https://www.linkedin.com/company/1048381,Wareham. England. United Kingdom,,51-200
Gotelee Solicitors LLP,http://www.gotelee.co.uk,Law Practice,https://www.linkedin.com/company/574626,Ipswich. England. United Kingdom,1880,51-200
PDT Solicitors,http://www.pdt.co.uk,Law Practice,https://www.linkedin.com/company/341848,Horsham. England. United Kingdom,1990,51-200
Glaisyers ETL,http://www.glaisyers.com,Law Practice,https://www.linkedin.com/company/1243234,Manchester. England. United Kingdom,1974,51-200
Clough & Willis Solicitors,http://www.clough-willis.co.uk,Law Practice,https://www.linkedin.com/company/520572,Bury. England. United Kingdom,,51-200
Harrowells Limited,http://www.harrowells.co.uk,Law Practice,https://www.linkedin.com/company/1050986,York. England. United Kingdom,1908,51-200
Ellis Jones Solicitors LLP,http://www.ellisjones.co.uk,Law Practice,https://www.linkedin.com/company/799961,Bournemouth. England. United Kingdom,,51-200
Jones and Company Solicitors,https://www.jonessolicitors.co.uk/,Law Practice,https://www.linkedin.com/company/1074617,Retford. England. United Kingdom,1780,51-200
Spratt Endicott Solicitors,https://www.se-law.co.uk,Law Practice,https://www.linkedin.com/company/253039,Banbury. England. United Kingdom,2002,51-200
QualitySolicitors Davisons,http://www.qualitysolicitors.com/davisons,Law Practice,https://www.linkedin.com/company/2429953,Edgbaston. England. United Kingdom,1985,51-200
Hewitts Solicitors,http://www.hewitts.co.uk,Law Practice,https://www.linkedin.com/company/3712693,Bishop Auckland. England. United Kingdom,1955,51-200
Betesh Partnership Solicitors,http://www.bpslaw.co.uk,Law Practice,https://www.linkedin.com/company/1049073,Manchester. England. United Kingdom,1948,51-200
Lightfoots LLP Solicitors,http://www.lightfoots.co.uk,Law Practice,https://www.linkedin.com/company/1463094,Thame. England. United Kingdom,1860,51-200
Gorvins Solicitors,http://www.gorvins.com,Law Practice,https://www.linkedin.com/company/258716,Stockport. England. United Kingdom,1856,51-200
Bott and Co,https://www.bottonline.co.uk,Law Practice,https://www.linkedin.com/company/354412,Wilmslow. England. United Kingdom,2001,51-200
David Gray Solicitors LLP,http://www.davidgray.co.uk,Law Practice,https://www.linkedin.com/company/3189696,Newcastle upon Tyne. England. United Kingdom,1989,51-200
GCL Solicitors LLP,http://www.gclsols.com,Law Practice,https://www.linkedin.com/company/4033956,Guildford. England. United Kingdom,1970,51-200
Cleaver Fulton Rankin Solicitors,http://www.cleaverfultonrankin.co.uk,Law Practice,https://www.linkedin.com/company/1122993,Belfast. Northern Ireland. United Kingdom,1893,51-200
Hunt & Coombs Solicitors,http://www.hcsolicitors.co.uk,Law Practice,https://www.linkedin.com/company/1876535,Peterborough. England. United Kingdom,1934,51-200
Morecrofts LLP,http://www.morecrofts.co.uk,Law Practice,https://www.linkedin.com/company/850697,Liverpool. England. United Kingdom,1813,51-200
Allan McDougall Solicitors,http://www.allanmcdougall.co.uk,Law Practice,https://www.linkedin.com/company/2699982,Edinburgh. Scotland. United Kingdom,1928,51-200
Holmes & Hills Solicitors,http://www.holmes-hills.co.uk,Law Practice,https://www.linkedin.com/company/907770,Marks Tey. England. United Kingdom,,51-200
Cunningtons LLP,https://cunningtons.co.uk,Law Practice,https://www.linkedin.com/company/2640963,Braintree. England. United Kingdom,1748,51-200
Porter Dodson LLP,http://www.porterdodson.co.uk,Law Practice,https://www.linkedin.com/company/348250,Yeovil. England. United Kingdom,1997,51-200
Backhouse Jones Solicitors,http://www.backhousejones.co.uk/,Law Practice,https://www.linkedin.com/company/2224415,Barrow. England. United Kingdom,1999,51-200
Edward Hands & Lewis Solicitors,http://www.ehlsolicitors.co.uk,Law Practice,https://www.linkedin.com/company/1330813,Nottingham. England. United Kingdom,1897,51-200
Goodman Ray,http://www.goodmanray.com,Law Practice,https://www.linkedin.com/company/2182097,London. England. United Kingdom,,51-200
Attwaters Jameson Hill Solicitors,http://www.attwatersjamesonhill.co.uk,Law Practice,https://www.linkedin.com/company/535586,Blackfriars. England. United Kingdom,1901,51-200
Slater Heelis,http://www.slaterheelis.co.uk,Law Practice,https://www.linkedin.com/company/348432,Sale. England. United Kingdom,1773,51-200
PARKER RHODES HICKMOTTS SOLICITORS,http://prhsolicitors.co.uk,Law Practice,https://www.linkedin.com/company/5881191,Rotherham. England. United Kingdom,1895,51-200
BHP Law,http://www.bhplaw.co.uk,Law Practice,https://www.linkedin.com/company/1322699,Belmont Industrial Estate. England. United Kingdom,1835,51-200
Harris Cartier Solicitors,www.hclaw.co.uk,Law Practice,https://www.linkedin.com/company/101620,Slough. United Kingdom,1922,51-200
Poppleston Allen,https://www.popall.co.uk/,Law Practice,https://www.linkedin.com/company/396209,Nottingham. England. United Kingdom,1994,51-200
Pryers Solicitors LLP,https://www.pryers.co.uk,Law Practice,https://www.linkedin.com/company/2263672,York. England. United Kingdom,2002,51-200
Bray & Bray,http://www.braybray.co.uk,Law Practice,https://www.linkedin.com/company/793737,Leicester. England. United Kingdom,1893,51-200
Anthony Gold,http://www.anthonygold.co.uk,Law Practice,https://www.linkedin.com/company/137768,London. England. United Kingdom,1963,51-200
Boys and Maughan Solicitors,http://www.boysandmaughan.co.uk,Law Practice,https://www.linkedin.com/company/549453,Margate. England. United Kingdom,1803,51-200
Swayne Johnson Solicitors,http://www.swaynejohnson.com,Law Practice,https://www.linkedin.com/company/2059781,Denbigh. Wales. United Kingdom,,51-200
The Partnership,http://www.thepartnershiplimited.com,Law Practice,https://www.linkedin.com/company/2281994,Guildford. England. United Kingdom,2009,51-200
Beale & Co,http://www.beale-law.com,Law Practice,https://www.linkedin.com/company/1109918,Blackfriars. England. United Kingdom,1838,51-200
Pepperells Solicitors,http://www.pepperells.com,Law Practice,https://www.linkedin.com/company/889454,Hull. England. United Kingdom,1985,51-200
Fridays Property Lawyers,http://www.conveyancingprocess.com,Law Practice,https://www.linkedin.com/company/510146,Grays Inn. England. United Kingdom,,51-200
Sheridans,http://www.sheridans.co.uk,Law Practice,https://www.linkedin.com/company/122802,Strand. England. United Kingdom,1956,51-200
Howe and Co,http://howe.co.uk,Law Practice,https://www.linkedin.com/company/2907812,Ealing. England. United Kingdom,1991,51-200
IBB - Turbervilles,http://www.ibblaw.co.uk,Law Practice,https://www.linkedin.com/company/501060,Capital Court. 30 Windsor Street. Uxbridge. Middlesex. UB8 1AB,1998,51-200
Slade Legal,http://www.slade-legal.co.uk,Law Practice,https://www.linkedin.com/company/2386883,Abingdon. England. United Kingdom,1971,51-200
Martin Tolhurst Solicitors,http://www.martintolhurst.co.uk,Law Practice,https://www.linkedin.com/company/1235316,Gravesend. England. United Kingdom,1886,51-200
EIP,http://www.eip.com,Law Practice,https://www.linkedin.com/company/270143,London. England. United Kingdom,2000,51-200
Greenberg Traurig London,http://www.gtlaw.com/Locations/London,Law Practice,https://www.linkedin.com/company/1679209,South Bank. England. United Kingdom,2009,51-200
Goldsmith Chambers,http://www.goldsmithchambers.com,Law Practice,https://www.linkedin.com/company/433634,United Kingdom,,51-200
Guildhall Chambers,http://www.guildhallchambers.co.uk,Law Practice,https://www.linkedin.com/company/825767,Bristol. England. United Kingdom,1971,51-200
Stone Rowe Brewer,http://www.srb.co.uk,Law Practice,https://www.linkedin.com/company/2410872,London. England. United Kingdom,1976,51-200
Gullands Solicitors,http://www.gullands.com/,Law Practice,https://www.linkedin.com/company/846070,Maidstone. England. United Kingdom,1910,51-200
Watson Burton LLP,http://www.watsonburton.com,Law Practice,https://www.linkedin.com/company/108791,United Kingdom,,51-200
FDR Law,http://www.fdrlaw.co.uk,Law Practice,https://www.linkedin.com/company/788952,Warrington. England. United Kingdom,,51-200
Simons Muirhead Burton LLP,https://www.smb.london/,Law Practice,https://www.linkedin.com/company/148928,West End. England. United Kingdom,1971,51-200
hlw Keeble Hawson LLP,https://www.hlwkeeblehawson.co.uk/,Law Practice,https://www.linkedin.com/company/690067,Sheffield. United Kingdom,1916,51-200
Capital Law Ltd,http://www.capital-law.co.uk,Law Practice,https://www.linkedin.com/company/89691,Cardiff. Wales. United Kingdom,1992,51-200
Blackfords LLP,http://www.blackfords.com,Law Practice,https://www.linkedin.com/company/2777952,Blackfriars. England. United Kingdom,1952,51-200
Hay & Kilner Law Firm,https://www.hay-kilner.co.uk,Law Practice,https://www.linkedin.com/company/351958,Newcastle upon Tyne. England. United Kingdom,1946,51-200
Rawlison Butler LLP,http://www.rawlisonbutler.com,Law Practice,https://www.linkedin.com/company/128844,Crawley. England. United Kingdom,,51-200
Machins Solicitors LLP,http://www.machins.co.uk,Law Practice,https://www.linkedin.com/company/5545694,Luton. England. United Kingdom,1920,51-200
Gaby Hardwicke Solicitors,http://www.gabyhardwicke.co.uk,Law Practice,https://www.linkedin.com/company/773164,Eastbourne. England. United Kingdom,1889,51-200
berg - merged with Kennedys,http://www.kennedyslaw.com,Law Practice,https://www.linkedin.com/company/137857,Manchester. England. United Kingdom,1980,51-200
Willans LLP. solicitors,https://www.willans.co.uk,Law Practice,https://www.linkedin.com/company/690187,Cheltenham. England. United Kingdom,1947,51-200
Tilly Bailey & Irvine Law Firm,http://www.tbilaw.co.uk/,Law Practice,https://www.linkedin.com/company/445488,Hartlepool. England. United Kingdom,1842,51-200
Hatten Wyatt Solicitors & Advocates,http://www.hatten-wyatt.com,Law Practice,https://www.linkedin.com/company/2406144,Gravesend. England. United Kingdom,1844,51-200
Blandy & Blandy Solicitors,https://www.blandy.co.uk,Law Practice,https://www.linkedin.com/company/746407,Reading. England. United Kingdom,1733,51-200
GRM Law,http://www.grm.co.uk,Law Practice,https://www.linkedin.com/company/1827145,1 Bedford Row. London. WC1R 4BZ,1784,51-200
FLETCHER DAY,http://www.fletcherday.co.uk,Law Practice,https://www.linkedin.com/company/1467648,Saint Paul’s. England. United Kingdom,2009,51-200
Else Solicitors LLP,http://elselaw.co.uk,Law Practice,https://www.linkedin.com/company/229880,Centrum One Hundred. England. United Kingdom,2003,51-200
Sherrards,http://www.sherrards.com,Law Practice,https://www.linkedin.com/company/122807,Fleet Street. England. United Kingdom,,51-200
BPE Solicitors LLP,http://www.bpe.co.uk,Law Practice,https://www.linkedin.com/company/35779,Cheltenham. England. United Kingdom,,51-200
EMW Law LLP,http://www.emwllp.com,Law Practice,https://www.linkedin.com/company/1619820,Knowlhill. England. United Kingdom,,51-200
EBR ATTRIDGE LLP | One of the Largest Expert Criminal Defence Lawyers in London. South-East & Essex,http://www.ebrattridge.com,Law Practice,https://www.linkedin.com/company/4984885,Tottenham. England. United Kingdom,1982,51-200
McKees,http://www.mckees-law.com,Law Practice,https://www.linkedin.com/company/2393954,Belfast. Northern Ireland. United Kingdom,1887,51-200
Rosling King LLP,http://www.rkllp.com,Law Practice,https://www.linkedin.com/company/3354287,Blackfriars. England. United Kingdom,,51-200
Verisona Law,http://www.verisonalaw.com,Law Practice,https://www.linkedin.com/company/1097737,Waterlooville. England. United Kingdom,2008,51-200
Goughs Solicitors,http://www.goughs.co.uk,Law Practice,https://www.linkedin.com/company/1004171,Chippenham. England. United Kingdom,1882,51-200
Harold Benjamin,http://www.haroldbenjamin.com,Law Practice,https://www.linkedin.com/company/1123321,Harrow. England. United Kingdom,1953,51-200
RadcliffesLeBrasseur LLP,http://www.rlb-law.com,Law Practice,https://www.linkedin.com/company/60700,Fleet Street. England. United Kingdom,1844,51-200
Cartmell Shepherd,https://www.cartmells.co.uk/,Law Practice,https://www.linkedin.com/company/2272245,Carlisle. England. United Kingdom,1989,51-200
The Endeavour Partnership,http://endeavour.law,Law Practice,https://www.linkedin.com/company/495884,Thornaby-on-Tees. England. United Kingdom,1999,51-200
Jacksons Law Firm,http://www.jacksons-law.com,Law Practice,https://www.linkedin.com/company/736509,Preston Farm Industrial Estate. England. United Kingdom,1876,51-200
Finers Stephens Innocent LLP - Now Howard Kennedy,http://www.fsilaw.com,Law Practice,https://www.linkedin.com/company/81208,London. United Kingdom,,51-200
Wosskow Brown Solicitors,https://www.wosskowbrown.co.uk,Law Practice,https://www.linkedin.com/company/1309297,Sheffield. England. United Kingdom,1989,51-200
Wollens,https://wollens.co.uk/,Law Practice,https://www.linkedin.com/company/2904450,Torquay. England. United Kingdom,,51-200
4 Paper Buildings,http://www.4pb.com,Law Practice,https://www.linkedin.com/company/1427744,Temple. England. United Kingdom,,51-200
Fidler & Pepper Lawyers,http://www.fidler.co.uk,Law Practice,https://www.linkedin.com/company/700543,Sutton-in-Ashfield. England. United Kingdom,1888,51-200
Hegarty Solicitors,http://www.hegarty.co.uk,Law Practice,https://www.linkedin.com/company/1958386,Peterborough. England. United Kingdom,1974,51-200
The Dental Law Partnership,http://www.dentallaw.co.uk,Law Practice,https://www.linkedin.com/company/2309943,Nantwich. England. United Kingdom,2000,51-200
Furley Page Solicitors,http://www.furleypage.co.uk,Law Practice,https://www.linkedin.com/company/793495,Canterbury. England. United Kingdom,1725,51-200
Rosenblatt,http://www.rosenblatt-law.co.uk,Law Practice,https://www.linkedin.com/company/85097,Fleet Street. England. United Kingdom,1989,51-200
UNICAN,http://www.unicanclawassociates.com,Law Practice,https://www.linkedin.com/company/unican-citizenship,LONDON. 86-90 Paul Street,2003,51-200
Field Seymour Parkes LLP,https://www.fsp-law.com,Law Practice,https://www.linkedin.com/company/237111,Reading. England. United Kingdom,1987,51-200
rradar,http://www.rradar.com,Law Practice,https://www.linkedin.com/company/3020399,Hull. England. United Kingdom,2012,51-200
Clarkslegal LLP,https://www.clarkslegal.com,Law Practice,https://www.linkedin.com/company/58569,Reading. England. United Kingdom,1913,51-200
MOV8 Real Estate. Estate Agents and Solicitors,http://www.mov8realestate.com,Law Practice,https://www.linkedin.com/company/799301,Edinburgh. Scotland. United Kingdom,2007,51-200
18 St John Street Chambers,http://www.18sjs.com,Law Practice,https://www.linkedin.com/company/1481451,Manchester. England. United Kingdom,1973,51-200
Schofield Sweeney Solicitors,http://www.schofieldsweeney.co.uk,Law Practice,https://www.linkedin.com/company/206669,Bradford. England. United Kingdom,1998,51-200
Wannop & Fox,http://www.wannopfox.com,Law Practice,https://www.linkedin.com/company/847905,Chichester. England. United Kingdom,1891,51-200
Aaron & Partners LLP,http://www.aaronandpartners.com,Law Practice,https://www.linkedin.com/company/253298,Chester. England. United Kingdom,1983,51-200
DAS Law,http://www.daslaw.co.uk,Law Practice,https://www.linkedin.com/company/2858245,Bristol. England. United Kingdom,2003,51-200
Thackray Williams LLP,http://www.thackraywilliams.com,Law Practice,https://www.linkedin.com/company/550127,Bromley. England. United Kingdom,,51-200
LCF Barber Titleys,http://www.lcfbarbertitleys.co.uk,Law Practice,https://www.linkedin.com/company/335075,Harrogate. England. United Kingdom,1997,51-200
Chafes Hague Lambert Solicitors,http://www.chlsolicitors.co.uk,Law Practice,https://www.linkedin.com/company/417691,Alderley Edge. England. United Kingdom,,51-200
Joseph Hage Aaronson LLP,http://www.jha.com/,Law Practice,https://www.linkedin.com/company/5340459,London. England. United Kingdom,2013,51-200
Serjeants’​ Inn Chambers,http://www.serjeantsinn.com/,Law Practice,https://www.linkedin.com/company/2919848,Fleet Street. England. United Kingdom,,51-200
JB Leitch Ltd,http://www.jbleitch.co.uk,Law Practice,https://www.linkedin.com/company/1848955,Liverpool. England. United Kingdom,1997,51-200
Owen White & Catlin LLP,http://www.owenwhitecatlin.co.uk,Law Practice,https://www.linkedin.com/company/1208775,London. England. United Kingdom,,51-200
Harris Fowler Solicitors,http://www.harrisfowler.co.uk,Law Practice,https://www.linkedin.com/company/1391061,Taunton. England. United Kingdom,1994,51-200
9 St. John Street Chambers. Manchester,http://www.9sjs.com,Law Practice,https://www.linkedin.com/company/419526,Manchester. England. United Kingdom,,51-200
Murray Donald LLP,http://www.thorntons-law.co.uk,Law Practice,https://www.linkedin.com/company/1223172,St. Andrews. Scotland. United Kingdom,,51-200
Sheldon Davidson Solicitors,http://www.sds-solicitors.com,Law Practice,https://www.linkedin.com/company/2545699,Whitefield. England. United Kingdom,1997,51-200
GL Law,http://www.gl.law,Law Practice,https://www.linkedin.com/company/698236,Bristol. England. United Kingdom,2006,51-200
Seddons,http://www.seddons.co.uk,Law Practice,https://www.linkedin.com/company/129531,West End. England. United Kingdom,1988,51-200
Oakwood Solicitors Ltd,https://www.oakwoodsolicitors.co.uk/,Law Practice,https://www.linkedin.com/company/2645954,Leeds. England. United Kingdom,2001,51-200
Memery Crystal,http://www.memerycrystal.com,Law Practice,https://www.linkedin.com/company/104461,London. England. United Kingdom,1978,51-200
Russel + Aitken (Falkirk + Alloa),https://www.randa-fa.co.uk,Law Practice,https://www.linkedin.com/company/1884532,Falkirk. Scotland. United Kingdom,1818,51-200
Mewburn Ellis LLP,http://www.mewburn.com,Law Practice,https://www.linkedin.com/company/104875,Moorgate. England. United Kingdom,1867,51-200
Charles Lucas and Marshall,http://www.clmlaw.co.uk,Law Practice,https://www.linkedin.com/company/charles-lucas-and-marshall,RG14 5EU. Berkshire. Newbury. 28 Bartholomew Street.,1870,51-200
Page White and Farrer,http://www.pagewhite.com,Law Practice,https://www.linkedin.com/company/154407,Grays Inn. England. United Kingdom,,51-200
Ince Bristol,https://www.incegd.com/en/contact/bristol,Law Practice,https://www.linkedin.com/company/457977,Bristol. England. United Kingdom,,51-200
Jeffrey Green Russell Limited,http://www.jgrweb.com,Law Practice,https://www.linkedin.com/company/102896,Waverley House. 7-12 Noel Street. London. W1F 8GQ,2012,51-200
Hart Brown Solicitors,http://www.hartbrown.co.uk,Law Practice,https://www.linkedin.com/company/817891,Guildford. England. United Kingdom,1919,51-200
Clarkson Wright & Jakes,http://www.cwj.co.uk,Law Practice,https://www.linkedin.com/company/141946,Orpington. England. United Kingdom,1875,51-200
Ford & Warren,http://www.forwarn.com/,Law Practice,https://www.linkedin.com/company/952304,United Kingdom,1817,51-200
Brethertons Solicitors LLP,http://www.brethertons.co.uk,Law Practice,https://www.linkedin.com/company/208656,Rugby. England. United Kingdom,1810,51-200
Maxwell Hodge Solicitors,http://www.maxweb.co.uk,Law Practice,https://www.linkedin.com/company/2319654,Liverpool. England. United Kingdom,,51-200
Kendall Freeman,,Law Practice,https://www.linkedin.com/company/37617,United Kingdom,,51-200
Harbottle & Lewis,http://www.harbottle.com,Law Practice,https://www.linkedin.com/company/59314,Strand. England. United Kingdom,1955,51-200
Ward Gethin Archer,http://www.wardgethinarcher.co.uk,Law Practice,https://www.linkedin.com/company/3238986,King’s Lynn. England. United Kingdom,2012,51-200
QualitySolicitors Parkinson Wright,http://www.qualitysolicitors.com/parkinsonwright,Law Practice,https://www.linkedin.com/company/1167816,Worcester. England. United Kingdom,1962,51-200
Greene & Greene Solicitors,http://www.greene-greene.com,Law Practice,https://www.linkedin.com/company/2021939,Bury St. Edmunds. England. United Kingdom,1893,51-200
Mackrell.Solicitors,http://www.mackrell.com,Law Practice,https://www.linkedin.com/company/93128,Strand. England. United Kingdom,1845,51-200
Semple Fraser LLP,http://www.semplefraser.co.uk,Law Practice,https://www.linkedin.com/company/121293,Glasgow. Scotland. United Kingdom,1990,51-200
Awdry Bailey & Douglas LLP,http://www.awdrys.co.uk,Law Practice,https://www.linkedin.com/company/1267479,Devizes. England. United Kingdom,1750,51-200
Bower Bailey Solicitors,http://www.bowerbailey.co.uk,Law Practice,https://www.linkedin.com/company/151487,Witney. England. United Kingdom,1973,51-200
Boodle Hatfield LLP,http://www.boodlehatfield.com,Law Practice,https://www.linkedin.com/company/35701,Waterloo. England. United Kingdom,1722,51-200
Druces LLP,http://www.druces.com,Law Practice,https://www.linkedin.com/company/641212,Liverpool Street. England. United Kingdom,1767,51-200
9-12 Bell Yard Chambers,http://www.9-12bellyard.com,Law Practice,https://www.linkedin.com/company/chambers-of-philip-katz-qc-9-12-bell-yard-london,WC2A 2JR. . London. 9-12 Bell Yard.,,51-200
Magrath Sheldrick LLP,http://www.magrath.co.uk,Law Practice,https://www.linkedin.com/company/131489,London. England. United Kingdom,1990,51-200
McCarthy Denning,http://www.mccarthydenning.com,Law Practice,https://www.linkedin.com/company/5244281,Fenchurch Street. England. United Kingdom,2013,51-200
Graham & Rosen Ltd,http://www.graham-rosen.co.uk,Law Practice,https://www.linkedin.com/company/1510960,Hull. England. United Kingdom,,51-200
Stronachs,http://www.stronachs.com,Law Practice,https://www.linkedin.com/company/125385,Aberdeen. Scotland. United Kingdom,,51-200
Vizards Wyeth Solicitors,http://www.vizardswyeth.com/,Law Practice,https://www.linkedin.com/company/880469,Dartford. England. United Kingdom,2001,51-200
Streeter Marshall LLP,https://www.streetermarshall.com,Law Practice,https://www.linkedin.com/company/2141517,Croydon. England. United Kingdom,1790,51-200
Wilberforce Chambers,http://www.wilberforce.co.uk,Law Practice,https://www.linkedin.com/company/2294560,London Colney. England. United Kingdom,1928,51-200
Dean Wilson LLP,http://www.deanwilson.co.uk,Law Practice,https://www.linkedin.com/company/1354301,Hove. England. United Kingdom,1905,51-200
Lamb Building,http://www.lambbuilding.co.uk/,Law Practice,https://www.linkedin.com/company/5384501,London Colney. England. United Kingdom,,51-200
Fox Williams,http://www.foxwilliams.com,Law Practice,https://www.linkedin.com/company/46784,Moorgate. England. United Kingdom,1989,51-200
Carter-Ruck,http://www.carter-ruck.com,Law Practice,https://www.linkedin.com/company/89166,Fleet Street. England. United Kingdom,1982,51-200
Band Hatton Button LLP,http://www.bandhattonbutton.com,Law Practice,https://www.linkedin.com/company/1323402,Coventry. England. United Kingdom,1896,51-200
Brick Court Chambers,http://www.brickcourt.co.uk,Law Practice,https://www.linkedin.com/company/98373,Strand. England. United Kingdom,1921,51-200
Park Square Barristers,http://www.parksquarebarristers.co.uk,Law Practice,https://www.linkedin.com/company/9312383,Leeds. England. United Kingdom,2015,51-200
Lees Lloyd Whitley,http://www.llw.co.uk,Law Practice,https://www.linkedin.com/company/379613,Bromborough. England. United Kingdom,1820,51-200
Temple Bright LLP,http://www.templebright.com,Law Practice,https://www.linkedin.com/company/1201379,Liverpool Street. England. United Kingdom,2010,51-200
Biscoes Solicitors,http://www.biscoes-law.co.uk,Law Practice,https://www.linkedin.com/company/1196087,Portsmouth. England. United Kingdom,1858,51-200
Hodge Jones & Allen,http://www.hja.net,Law Practice,https://www.linkedin.com/company/74548,. . . .,,51-200
Doughty Street Chambers,http://www.doughtystreet.co.uk,Law Practice,https://www.linkedin.com/company/720293,Grays Inn. England. United Kingdom,1990,51-200
Cains,http://www.cains.com,Law Practice,https://www.linkedin.com/company/823291,Douglas. Scotland. United Kingdom,1899,51-200
Barlow Robbins,https://www.moorebarlow.com/news/moore-barlow-launches/,Law Practice,https://www.linkedin.com/company/137511,Guildford. England. United Kingdom,2004,51-200
Abel + Imray,http://www.abelimray.com,Law Practice,https://www.linkedin.com/company/234897,Fleet Street. England. United Kingdom,1871,51-200
Nash & Co Solicitors LLP,http://www.nash.co.uk,Law Practice,https://www.linkedin.com/company/1370465,Plymouth. England. United Kingdom,1926,51-200
Tods Murray LLP,http://www.todsmurray.com,Law Practice,https://www.linkedin.com/company/32518,United Kingdom,1856,51-200
Coole & Haddock,www.cooleandhaddock.co.uk,Law Practice,https://www.linkedin.com/company/1948483,Brighton. United Kingdom,1898,51-200
Peterkins,http://www.peterkins.com,Law Practice,https://www.linkedin.com/company/2234214,Aberdeen. Scotland. United Kingdom,,51-200
Old Square Chambers,http://www.oldsquare.co.uk,Law Practice,https://www.linkedin.com/company/367691,London. England. United Kingdom,,51-200
Six Pump Court Chambers,http://www.6pumpcourt.co.uk,Law Practice,https://www.linkedin.com/company/2339792,Temple. England. United Kingdom,,51-200
6 Bedford Row Llp,,Law Practice,https://www.linkedin.com/company/4572699,London. England. United Kingdom,,51-200
9 Bedford Row International,http://www.facebook.com/pages/9-Bedford-Row-International/165384510141528,Law Practice,https://www.linkedin.com/company/1816481,London. England. United Kingdom,1940,51-200
Clintons,http://www.clintons.co.uk,Law Practice,https://www.linkedin.com/company/88815,London. England. United Kingdom,1959,51-200
howell jones solicitors,http://www.howell-jones.com,Law Practice,https://www.linkedin.com/company/241413,Kingston upon Thames. England. United Kingdom,1977,51-200
GN Law,http://www.gnlaw.co.uk/,Law Practice,https://www.linkedin.com/company/5236274,Woodside Park. England. United Kingdom,2006,51-200
Just Costs Limited,http://www.justcosts.com,Law Practice,https://www.linkedin.com/company/470413,Manchester. England. United Kingdom,2006,51-200
Ward & Rider Solicitors,http://www.wardandrider.com,Law Practice,https://www.linkedin.com/company/781209,Coventry. England. United Kingdom,1948,51-200
Js Law Limited,http://www.js-law.co.uk/,Law Practice,https://www.linkedin.com/company/4248568,Market Harborough. England. United Kingdom,,51-200
1 Crown Office Row,http://www.1cor.com,Law Practice,https://www.linkedin.com/company/1789226,Temple. England. United Kingdom,,51-200
Edwin Coe LLP,http://www.edwincoe.com/,Law Practice,https://www.linkedin.com/company/89743,London. England. United Kingdom,1913,51-200
Boyes Turner,http://www.boyesturner.com,Law Practice,https://www.linkedin.com/company/43753,Reading. England. United Kingdom,1887,51-200
Bridge McFarland Solicitors,http://www.bridgemcfarland.co.uk,Law Practice,https://www.linkedin.com/company/604034,Grimsby. England. United Kingdom,,51-200
Barnes and Partners Solicitors,http://www.barnesandpartners.com,Law Practice,https://www.linkedin.com/company/10537373,Enfield. England. United Kingdom,,51-200
MACKESYS SOLICITORS - Criminal Defence & Specialist Family Lawyers London.,http://mackesyslaw.co.uk,Law Practice,https://www.linkedin.com/company/5017032,London. England. United Kingdom,1975,51-200
Pattinson & Brewer,http://www.pattinsonbrewer.co.uk,Law Practice,https://www.linkedin.com/company/972961,Blackfriars. England. United Kingdom,1890,51-200
Coram Chambers,http://www.coramchambers.co.uk,Law Practice,https://www.linkedin.com/company/2338733,London. England. United Kingdom,1999,51-200
Prettys,http://www.prettys.co.uk,Law Practice,https://www.linkedin.com/company/93805,Ipswich. England. United Kingdom,1906,51-200
Berwins,http://www.berwin.co.uk,Law Practice,https://www.linkedin.com/company/98884,Harrogate. England. United Kingdom,1993,51-200
FISHBURNS LLP,,Law Practice,https://www.linkedin.com/company/6745799,Tower Hill. England. United Kingdom,,51-200
Collyer Bristow LLP,http://www.collyerbristow.com,Law Practice,https://www.linkedin.com/company/73553,Brompton. England. United Kingdom,1760,51-200
Moon Beever Solicitors,http://www.moonbeever.com,Law Practice,https://www.linkedin.com/company/1346108,Grays Inn. England. United Kingdom,1851,51-200
Wiseman Lee LLP,http://www.wiseman.co.uk,Law Practice,https://www.linkedin.com/company/2421737,London. England. United Kingdom,1953,51-200
Hamlins LLP,http://www.hamlins.com,Law Practice,https://www.linkedin.com/company/344323,West End. England. United Kingdom,1913,51-200
Mace & Jones,http://www.maceandjones.co.uk,Law Practice,https://www.linkedin.com/company/83717,United Kingdom,,51-200
Aldridge Brownlee Solicitors LLP,http://www.absolicitors.com,Law Practice,https://www.linkedin.com/company/1169413,Bournemouth. England. United Kingdom,1929,51-200
CKFT Solicitors - Now Howard Kennedy,www.ckft.com,Law Practice,https://www.linkedin.com/company/697931,London. United Kingdom,1992,51-200
Rickerbys,,Law Practice,https://www.linkedin.com/company/107312,United Kingdom,,51-200
Greenland Houchen Pomeroy,http://www.greenland-houchen.co.uk,Law Practice,https://www.linkedin.com/company/1127695,Norwich. England. United Kingdom,,51-200
Leeds Day,http://www.leedsday.co.uk,Law Practice,https://www.linkedin.com/company/677647,Huntingdon. England. United Kingdom,1842,51-200
Taylor Vinters,http://www.taylorvinters.com,Law Practice,https://www.linkedin.com/company/41318,Cambridge. England. United Kingdom,,51-200
Maxwell Winward LLP,www.maxwellwinward.com,Law Practice,https://www.linkedin.com/company/239208,London. United Kingdom,,51-200
Healys LLP,http://www.healys.com,Law Practice,https://www.linkedin.com/company/115440,London. England. United Kingdom,1980,51-200
Blaser Mills Law,http://www.blasermills.co.uk,Law Practice,https://www.linkedin.com/company/361867,High Wycombe. England. United Kingdom,1888,51-200
Asons Solicitors,http://www.asons.co.uk,Law Practice,https://www.linkedin.com/company/2872636,Bolton. England. United Kingdom,2008,51-200
Vizards Tweedie LLP,http://www.vizardstweedie.co.uk,Law Practice,https://www.linkedin.com/company/494598,Fleet Street. England. United Kingdom,,51-200
Matthew Arnold & Baldwin LLP,http://www.mablaw.com,Law Practice,https://www.linkedin.com/company/39304,Watford. England. United Kingdom,,51-200
Gardner Leader LLP,https://www.gardner-leader.co.uk/,Law Practice,https://www.linkedin.com/company/2277615,Newbury. England. United Kingdom,1895,51-200
Kitsons LLP,http://www.kitsons-solicitors.co.uk,Law Practice,https://www.linkedin.com/company/1122988,Torquay. England. United Kingdom,1826,51-200
Bishop & Sewell LLP (Monro Wright and Wasbrough),http://www.bishopandsewell.co.uk,Law Practice,https://www.linkedin.com/company/88595,London. England. United Kingdom,1979,51-200
Tarlo Lyons,,Law Practice,https://www.linkedin.com/company/38007,United Kingdom,,51-200
Adams Moore family law,http://www.adamsmoore.co.uk,Law Practice,https://www.linkedin.com/company/1370856,Milton Keynes. England. United Kingdom,2007,51-200
DH LAW Solicitors,http://www.dhlaw.org.uk,Law Practice,https://www.linkedin.com/company/9346305,London. England. United Kingdom,2006,51-200
Elliott Duffy Garrett,http://www.edglegal.com/,Law Practice,https://www.linkedin.com/company/3037603,Belfast. Northern Ireland. United Kingdom,1973,51-200
RIAA Barker Gillette (UK) LLP,http://www.riaabarkergillette.com/uk,Law Practice,https://www.linkedin.com/company/1296192,West End. England. United Kingdom,1981,51-200
TV Edwards Solicitors LLP,https://tvedwards.com,Law Practice,https://www.linkedin.com/company/755302,London. England. United Kingdom,1929,51-200
Collas Crill,http://www.collascrill.com,Law Practice,https://www.linkedin.com/company/2237235,United Kingdom,2011,51-200
Buss Murton Law LLP,https://www.bussmurton.co.uk,Law Practice,https://www.linkedin.com/company/463499,Royal Tunbridge Wells. England. United Kingdom,1713,51-200
DWF Fishburns,www.dwf.co.uk,Law Practice,https://www.linkedin.com/company/1250713,London. United Kingdom,,51-200
Crutes Law Firm,www.crutes.co.uk,Law Practice,https://www.linkedin.com/company/597940,Carlisle. United Kingdom,,51-200
YVA SOLICITORS LLP,http://yvasolicitors.com,Law Practice,https://www.linkedin.com/company/8333262,Woodside Park. England. United Kingdom,,51-200
Stone King LLP Incorporating Mowbray Woodwards Solicitors,http://www.mowbraywoodwards.co.uk,Law Practice,https://www.linkedin.com/company/1009306,Bath. England. United Kingdom,1946,51-200
Whitehead Monckton Solicitors,http://www.whitehead-monckton.co.uk,Law Practice,https://www.linkedin.com/company/909775,Weavering. England. United Kingdom,1780,51-200
Cubism Law,http://www.cubismlaw.com,Law Practice,https://www.linkedin.com/company/884367,United Kingdom,2003,51-200
Burton Copeland LLP,https://www.burtoncopeland.com,Law Practice,https://www.linkedin.com/company/1544142,Manchester. England. United Kingdom,1985,51-200
Bolt Burdon Kemp,http://www.boltburdonkemp.co.uk,Law Practice,https://www.linkedin.com/company/826331,Barnsbury. England. United Kingdom,1986,51-200
BTMK Solicitors,http://www.btmk.co.uk,Law Practice,https://www.linkedin.com/company/945252,Southend-on-Sea. England. United Kingdom,1972,51-200
Tolhurst Fisher LLP,http://www.tolhurstfisher.com,Law Practice,https://www.linkedin.com/company/1009176,Southend-on-Sea. England. United Kingdom,1892,51-200
Essex Court Chambers,http://www.essexcourt.com,Law Practice,https://www.linkedin.com/company/1125883,London. England. United Kingdom,,51-200
George Green LLP,http://www.georgegreen.co.uk,Law Practice,https://www.linkedin.com/company/516443,Cradley Heath. England. United Kingdom,1897,51-200
Charter Chambers,http://www.charterchambers.com,Law Practice,https://www.linkedin.com/company/2564490,Grays Inn. England. United Kingdom,2001,51-200
Simkins LLP,https://www.simkins.com/,Law Practice,https://www.linkedin.com/company/96824,London. England. United Kingdom,2001,51-200
Hallett & Co,http://www.hallettandco.co.uk,Law Practice,https://www.linkedin.com/company/1672424,Ashford. England. United Kingdom,1830,51-200
One Essex Court,http://www.oeclaw.co.uk,Law Practice,https://www.linkedin.com/company/905105,Temple. England. United Kingdom,1966,51-200
FBC Manby Bowdler LLP,http://www.fbcmb.co.uk,Law Practice,https://www.linkedin.com/company/523797,Wolverhampton. England. United Kingdom,2008,51-200
2TG (2 Temple Gardens),http://www.2tg.co.uk,Law Practice,https://www.linkedin.com/company/3733027,Temple. England. United Kingdom,,51-200
Knocker & Foskett,http://www.knocker-foskett.co.uk,Law Practice,https://www.linkedin.com/company/1964573,Sevenoaks. England. United Kingdom,,51-200
Gill Jennings & Every LLP,http://www.gje.com,Law Practice,https://www.linkedin.com/company/90716,Liverpool Street. England. United Kingdom,,51-200
Crown Office Chambers,http://www.crownofficechambers.com,Law Practice,https://www.linkedin.com/company/667104,Temple. England. United Kingdom,,51-200
Wilsons Solicitors LLP,https://www.wilsonsllp.com/,Law Practice,https://www.linkedin.com/company/97132,Salisbury. England. United Kingdom,,51-200
Swinburne Maddison LLP,http://www.swinburnemaddison.co.uk/,Law Practice,https://www.linkedin.com/company/8065499,Aykley Heads. England. United Kingdom,1998,51-200
Warner Goodman LLP,http://www.warnergoodman.co.uk,Law Practice,https://www.linkedin.com/company/614067,Southampton. England. United Kingdom,1852,51-200
Withers & Rogers LLP,http://www.withersrogers.com,Law Practice,https://www.linkedin.com/company/78954,London. England. United Kingdom,1884,51-200
Sackers,http://www.sackers.com,Law Practice,https://www.linkedin.com/company/734461,Moorgate. England. United Kingdom,1966,51-200
3 Verulam Buildings,http://www.3vb.com,Law Practice,https://www.linkedin.com/company/374635,London. England. United Kingdom,,51-200
Davies and Partners,http://www.daviesandpartners.com,Law Practice,https://www.linkedin.com/company/640518,Gloucester. England. United Kingdom,1988,51-200
LCF Law,https://lcf.co.uk,Law Practice,https://www.linkedin.com/company/664323,Bradford. England. United Kingdom,1988,51-200
Levy & McRae,http://www.lemac.co.uk,Law Practice,https://www.linkedin.com/company/1825888,United Kingdom,1873,51-200
BCL Burton Copeland,www.bcl.com,Law Practice,https://www.linkedin.com/company/1269320,London. United Kingdom,,51-200
Enyo Law LLP,http://www.enyolaw.com,Law Practice,https://www.linkedin.com/company/1432410,Temple. England. United Kingdom,2010,51-200
Cleveland Scott York,http://csy-ip.com/,Law Practice,https://www.linkedin.com/company/11083352,London. England. United Kingdom,2017,51-200
Cartwright King Solicitors,https://www.cartwrightking.co.uk/,Law Practice,https://www.linkedin.com/company/1387504,Nottingham. England. United Kingdom,2000,51-200
Pardoes Solicitors LLP,http://www.pardoes.co.uk,Law Practice,https://www.linkedin.com/company/925051,Bridgwater. England. United Kingdom,,51-200
Oriel Chambers,http://www.orielchambers.co.uk,Law Practice,https://www.linkedin.com/company/5352829,Liverpool. England. United Kingdom,1965,51-200
Fenwick Elliott LLP,http://www.fenwickelliott.com,Law Practice,https://www.linkedin.com/company/135745,London. England. United Kingdom,1986,51-200
OGR Stock Denton LLP,http://www.ogrstockdenton.com,Law Practice,https://www.linkedin.com/company/2118194,London. England. United Kingdom,2011,51-200
Balfour+Manson LLP,http://www.balfour-manson.co.uk,Law Practice,https://www.linkedin.com/company/112052,Edinburgh. Scotland. United Kingdom,1888,51-200
Davitt Jones Bould (DJB),http://www.djblaw.co.uk,Law Practice,https://www.linkedin.com/company/8590291,South Bank. England. United Kingdom,1999,51-200
mfg Solicitors LLP,http://www.mfgsolicitors.com,Law Practice,https://www.linkedin.com/company/1373346,Kidderminster. England. United Kingdom,2005,51-200
Schillings,http://www.schillingspartners.com,Law Practice,https://www.linkedin.com/company/244561,Blackfriars. England. United Kingdom,1984,51-200
Oliver & Co Solicitors Limited,http://www.oliverandco.co.uk,Law Practice,https://www.linkedin.com/company/535389,Chester. England. United Kingdom,1964,51-200
Wortley Byers Law,http://www.wortleybyers.co.uk,Law Practice,https://www.linkedin.com/company/1668233,Brentwood. England. United Kingdom,1967,51-200
Harvey Ingram Llp,http://www.harveyingram.com,Law Practice,https://www.linkedin.com/company/9546257,Birmingham. England. United Kingdom,,51-200
Sprecher Grier Halberstam LLP,www.sghlaw.com,Law Practice,https://www.linkedin.com/company/278374,London. United Kingdom,,51-200
Bolt Burdon,http://www.boltburdon.co.uk,Law Practice,https://www.linkedin.com/company/695272,Barnsbury. England. United Kingdom,1986,51-200
Powell Spencer and Partners,http://www.psplaw.co.uk,Law Practice,https://www.linkedin.com/company/695849,Brondesbury Park. England. United Kingdom,1977,51-200
Birkett Long,http://www.birkettlong.co.uk,Law Practice,https://www.linkedin.com/company/80111,Colchester. England. United Kingdom,1821,51-200
Atlantic Solicitors,http://www.atlanticsolicitors.com,Law Practice,https://www.linkedin.com/company/7002191,North Woolwich. England. United Kingdom,2008,51-200
The Family Law Company by Hartnell Chanot,http://www.thefamilylawco.co.uk,Law Practice,https://www.linkedin.com/company/3361804,Exeter. England. United Kingdom,1991,51-200
5 St Andrew’s Hill,http://www.5sah.co.uk,Law Practice,https://www.linkedin.com/company/2369738,Blackfriars. England. United Kingdom,,51-200
Kirby Sheppard,http://www.kirbysheppard.co.uk,Law Practice,https://www.linkedin.com/company/1691383,Bristol. England. United Kingdom,,51-200
Dawson Cornwell,http://www.dawsoncornwell.com,Law Practice,https://www.linkedin.com/company/1671312,London. England. United Kingdom,1972,51-200
2 Hare Court. Chambers of Jonathan Laidlaw QC,http://www.2harecourt.com,Law Practice,https://www.linkedin.com/company/288235,Temple. England. United Kingdom,1950,51-200
Stowe Family Law LLP,https://www.stowefamilylaw.co.uk,Law Practice,https://www.linkedin.com/company/1468964,Harrogate. England. United Kingdom,1982,51-200
Vardags,https://vardags.com,Law Practice,https://www.linkedin.com/company/1399527,Blackfriars. England. United Kingdom,2005,51-200
Hanne & Co. Solicitors LLP,http://www.hanne.co.uk,Law Practice,https://www.linkedin.com/company/640573,London. England. United Kingdom,1898,51-200
25 Bedford Row,http://www.25bedfordrow.com,Law Practice,https://www.linkedin.com/company/10294295,Barbican. England. United Kingdom,1975,51-200
Sovereign Chambers,http://www.sovereignchambers.co.uk,Law Practice,https://www.linkedin.com/company/643616,Leeds. England. United Kingdom,,51-200
Challinors Solicitors,www.challinors.co.uk,Law Practice,https://www.linkedin.com/company/113691,Birmingham. United Kingdom,,51-200
Gabb & Co,www.gabb.co.uk,Law Practice,https://www.linkedin.com/company/1764384,London. United Kingdom,1760,51-200
4 Pump Court,http://www.4pumpcourt.com,Law Practice,https://www.linkedin.com/company/839088,Temple. England. United Kingdom,,51-200
Quadrant Chambers,http://www.quadrantchambers.com,Law Practice,https://www.linkedin.com/company/1233002,London Colney. England. United Kingdom,,51-200
Avidity IP,http://www.avidity-ip.com,Law Practice,https://www.linkedin.com/company/2368497,Cambridge. England. United Kingdom,1989,51-200
Lee & Priestley LLP,www.leepriestley.com,Law Practice,https://www.linkedin.com/company/217725,Leeds. United Kingdom,,51-200
Shacklocks,http://www.shacklocks.co.uk,Law Practice,https://www.linkedin.com/company/685760,Mansfield. England. United Kingdom,,51-200
3 Temple Gardens,http://www.3tg.co.uk,Law Practice,https://www.linkedin.com/company/11146682,Temple. England. United Kingdom,1964,51-200
Wellers Law Group,http://www.sethlovis.co.uk,Law Practice,https://www.linkedin.com/company/1755725,Camden. England. United Kingdom,2000,51-200
Hine Solicitors,http://www.hinesolicitors.com,Law Practice,https://www.linkedin.com/company/1950280,Beaconsfield. England. United Kingdom,2001,51-200
Incasso LLP,http://www.incasso.co.uk,Law Practice,https://www.linkedin.com/company/1161565,Leeds. England. United Kingdom,1988,51-200
Waldrons Solicitors,http://www.waldrons.co.uk,Law Practice,https://www.linkedin.com/company/1723236,Brierley Hill. England. United Kingdom,1867,51-200
Harper James Solicitors,https://hjsolicitors.co.uk,Law Practice,https://www.linkedin.com/company/10428904,Sheffield. England. United Kingdom,2014,51-200
Wannops LLP,http://www.wfsblaw.com,Law Practice,https://www.linkedin.com/company/970752,Chichester. England. United Kingdom,1882,51-200
Gordon Dadds Group Solicitors,http://www.gordondadds.com,Law Practice,https://www.linkedin.com/company/2312819,London Colney. England. United Kingdom,2004,51-200
Kaim Todner,https://www.kaimtodner.com,Law Practice,https://www.linkedin.com/company/777904,Temple. England. United Kingdom,1990,51-200
PRODDOW MACKAY SOLICITORS LLP,https://proddowmackay.co.uk/,Law Practice,https://www.linkedin.com/company/9669290,Wickford. England. United Kingdom,,51-200
1 Gray’s Inn Square,http://www.1gis.co.uk,Law Practice,https://www.linkedin.com/company/2397230,United Kingdom,1972,51-200
Hailsham Chambers,http://www.hailshamchambers.com,Law Practice,https://www.linkedin.com/company/852200,Temple. England. United Kingdom,,51-200
Kerman & Co,http://www.kermanco.com,Law Practice,https://www.linkedin.com/company/2271796,Strand. England. United Kingdom,1998,51-200
Solex Legal Services,https://www.solexlegalservices.com,Law Practice,https://www.linkedin.com/company/1681251,Bromley. England. United Kingdom,,51-200
The Johnson Partnership,http://www.thejohnsonpartnership.co.uk,Law Practice,https://www.linkedin.com/company/2952201,Nottingham. England. United Kingdom,1990,51-200
Kirwans Solicitors,http://www.kirwans.co.uk,Law Practice,https://www.linkedin.com/company/285588,Birkenhead. England. United Kingdom,,51-200
Rudlings Solicitors LLP,https://rudlings-wakelam.com/,Law Practice,https://www.linkedin.com/company/1968767,Bury St. Edmunds. England. United Kingdom,,51-200
Barnetts Solicitors,http://www.barnetts.co.uk,Law Practice,https://www.linkedin.com/company/949910,Southport. England. United Kingdom,,51-200
Deans Court Chambers,http://www.deanscourt.co.uk,Law Practice,https://www.linkedin.com/company/1541676,Manchester. England. United Kingdom,,51-200
Parker Bullen LLP,http://www.parkerbullen.com,Law Practice,https://www.linkedin.com/company/1224499,Salisbury. England. United Kingdom,,51-200
Raworths LLP,http://www.raworths.co.uk,Law Practice,https://www.linkedin.com/company/391536,Harrogate. England. United Kingdom,1887,51-200
Mincoff Jacksons LLP,http://www.mincoffjacksons.co.uk,Law Practice,https://www.linkedin.com/company/519706,Stockton-on-Tees. England. United Kingdom,1876,51-200
WP Thompson,http://www.wpt.co.uk,Law Practice,https://www.linkedin.com/company/1436699,Liverpool. England. United Kingdom,,51-200
Tanfield Chambers,http://www.tanfieldchambers.co.uk/Home,Law Practice,https://www.linkedin.com/company/582631,Grays Inn. England. United Kingdom,,51-200
Gillespie Macandrew LLP,http://www.gillespiemacandrew.co.uk,Law Practice,https://www.linkedin.com/company/310855,Edinburgh. Scotland. United Kingdom,,51-200
EAD Solicitors LLP,www.eadsolicitors.co.uk,Law Practice,https://www.linkedin.com/company/481571,Liverpool. United Kingdom,1974,51-200
Harding Evans Solicitors,http://www.hardingevans.com,Law Practice,https://www.linkedin.com/company/1437306,Newport. Wales. United Kingdom,1878,51-200
MTA Personal Injury Solicitors,http://www.mtapersonalinjury.com/,Law Practice,https://www.linkedin.com/company/10847282,Bromley. England. United Kingdom,,51-200
Tollers Personal Injury,http://www.tollers.co.uk/for-injury-claims/,Law Practice,https://www.linkedin.com/company/10032890,Northampton. England. United Kingdom,1877,51-200
Morr & Co LLP,http://www.morrlaw.com,Law Practice,https://www.linkedin.com/company/774952,Redhill. England. United Kingdom,1729,51-200
St John’s Chambers,http://www.stjohnschambers.co.uk,Law Practice,https://www.linkedin.com/company/541026,Bristol. England. United Kingdom,,51-200
Outer Temple Chambers,http://www.outertemple.com,Law Practice,https://www.linkedin.com/company/661041,Strand. England. United Kingdom,1960,51-200
Buckles Solicitors LLP,http://www.buckles-law.co.uk,Law Practice,https://www.linkedin.com/company/111521,Peterborough. England. United Kingdom,1817,51-200
Ringrose Law,http://www.ringroselaw.co.uk,Law Practice,https://www.linkedin.com/company/1118058,Wyberton Fen. England. United Kingdom,1890,51-200
Emsleys Solicitors Limited,http://www.emsleys.co.uk,Law Practice,https://www.linkedin.com/company/2128968,Leeds. England. United Kingdom,,51-200
Wards Solicitors,http://www.wards.uk.com,Law Practice,https://www.linkedin.com/company/838540,Bristol. England. United Kingdom,,51-200
Wolferstans,http://www.wolferstans.com,Law Practice,https://www.linkedin.com/company/616762,Plymouth. England. United Kingdom,1812,51-200
Levi Solicitors LLP,https://levisolicitors.co.uk,Law Practice,https://www.linkedin.com/company/535818,Leeds. England. United Kingdom,1934,51-200
Poole Alcock Solicitors,http://www.poolealcock.co.uk,Law Practice,https://www.linkedin.com/company/1403044,Nantwich. England. United Kingdom,1890,51-200
GT LAW Solicitors,http://www.gtlaw.co.uk,Law Practice,https://www.linkedin.com/company/2318493,Liverpool. England. United Kingdom,,51-200
Rotheras Solicitors,https://www.rotheras.co.uk,Law Practice,https://www.linkedin.com/company/456471,Nottingham. England. United Kingdom,1824,51-200
Farani Taylor Solicitors,http://www.faranitaylor.com,Law Practice,https://www.linkedin.com/company/2685979,Blackfriars. England. United Kingdom,2008,51-200
George Ide LLP Solicitors,https://www.georgeide.co.uk/,Law Practice,https://www.linkedin.com/company/557845,Chichester. England. United Kingdom,1966,51-200
Atteys Solicitors,www.atteys.co.uk,Law Practice,https://www.linkedin.com/company/1487082,82 Cleveland Street. Doncaster,1779,51-200
Vincents Solicitors,http://www.vincentssolicitors.co.uk/,Law Practice,https://www.linkedin.com/company/2519851,Preston. England. United Kingdom,1982,51-200
Lamb Brooks,http://www.lambbrooks.com,Law Practice,https://www.linkedin.com/company/1275309,Basingstoke. England. United Kingdom,1928,51-200
Curwens LLP,http://www.curwens.co.uk,Law Practice,https://www.linkedin.com/company/496429,Enfield. England. United Kingdom,1899,51-200
Brignalls Balderston Warren,http://www.bbwlaw.biz,Law Practice,https://www.linkedin.com/company/607661,Letchworth. England. United Kingdom,,51-200
Atherton Godfrey LLP,http://www.athertongodfrey.co.uk,Law Practice,https://www.linkedin.com/company/990664,Doncaster. England. United Kingdom,1979,51-200
Frisby & Co Solicitors,http://www.frisbysolicitors.co.uk,Law Practice,https://www.linkedin.com/company/421333,Stafford. England. United Kingdom,,51-200
KP Solicitors,http://www.kpsolicitors.com,Law Practice,https://www.linkedin.com/company/1685744,St. Helens. England. United Kingdom,1975,51-200
MKB Solicitors LLP,http://www.mkbsolicitors.co.uk,Law Practice,https://www.linkedin.com/company/1392087,Barnsley. England. United Kingdom,1968,51-200
Tayntons,http://www.tayntons.co.uk,Law Practice,https://www.linkedin.com/company/999741,Gloucester. England. United Kingdom,1857,51-200
Farrar’s Building,http://www.farrarsbuilding.co.uk/,Law Practice,https://www.linkedin.com/company/2254635,Temple. England. United Kingdom,,51-200
Ridley & Hall Solicitors,http://www.ridleyandhall.co.uk,Law Practice,https://www.linkedin.com/company/594268,Huddersfield. England. United Kingdom,1927,51-200
Barwells Solicitors,http://www.qualitysolicitors.com/barwells,Law Practice,https://www.linkedin.com/company/526432,Seaford. England. United Kingdom,,51-200
Rogers & Norton Solicitors Limited,http://www.rogers-norton.co.uk,Law Practice,https://www.linkedin.com/company/2485676,Norwich. England. United Kingdom,1982,51-200
Penmans Solicitors LLP,http://www.penmanssolicitors.co.uk,Law Practice,https://www.linkedin.com/company/608471,Coventry. England. United Kingdom,1926,51-200
WSP Solicitors,http://www.wspsolicitors.com,Law Practice,https://www.linkedin.com/company/2924189,Stroud. England. United Kingdom,1758,51-200
42 Bedford Row Barristers,http://www.42br.com/,Law Practice,https://www.linkedin.com/company/10379447,London. England. United Kingdom,1987,51-200
Russell Worth Solicitors,http://www.russellworthsolicitors.co.uk,Law Practice,https://www.linkedin.com/company/2807881,Plympton. England. United Kingdom,1997,51-200
Serious Law LLP,http://www.seriouslaw.co.uk,Law Practice,https://www.linkedin.com/company/772777,Bolton. England. United Kingdom,1989,51-200
Langley Wellington,http://www.langleywellington.co.uk,Law Practice,https://www.linkedin.com/company/580796,Gloucester. England. United Kingdom,,51-200
Novum Law,http://www.novumlaw.com,Law Practice,https://www.linkedin.com/company/5017094,Swindon. England. United Kingdom,2014,51-200
Woodcocks Haworth & Nuttall Solicitors,http://www.whnsolicitors.co.uk/,Law Practice,https://www.linkedin.com/company/5282674,Bury. England. United Kingdom,1791,51-200
No 6 Chambers,http://www.no6.co.uk,Law Practice,https://www.linkedin.com/company/2212569,Leeds. England. United Kingdom,1929,51-200
Thomson & Bancks LLP,http://www.tbsolicitors.co.uk,Law Practice,https://www.linkedin.com/company/380003,Tewkesbury. England. United Kingdom,1830,51-200
AST Hampsons,http://www.qualitysolicitors.com/asthampsons.co.uk,Law Practice,https://www.linkedin.com/company/1273501,Rochdale. England. United Kingdom,1885,51-200
PCB Solicitors LLP,http://www.pcbsolicitors.co.uk/,Law Practice,https://www.linkedin.com/company/5255545,Shrewsbury. England. United Kingdom,1860,51-200
Hutchinson Thomas,www.hutchinsonthomas.com,Law Practice,https://www.linkedin.com/company/2527696,Swansea. United Kingdom,1872,51-200
Dunne and Gray Solicitors,http://www.dunneandgray.co.uk,Law Practice,https://www.linkedin.com/company/3204208,Altrincham. England. United Kingdom,1998,51-200
Cobden House Chambers,http://www.cobden.co.uk,Law Practice,https://www.linkedin.com/company/2547504,Manchester. England. United Kingdom,,51-200
Blacks Connect,http://www.blacksconnect.co.uk,Law Practice,https://www.linkedin.com/company/2886374,Leeds. England. United Kingdom,,51-200
Edwards Duthie Shamash Solicitors,https://edwardsduthieshamash.co.uk,Law Practice,https://www.linkedin.com/company/10584356,London. England. United Kingdom,2012,51-200
KTP Solicitors,http://www.ktpsolicitors.com,Law Practice,https://www.linkedin.com/company/2347885,Pontypridd. Wales. United Kingdom,1965,51-200
JWK - part of Simpson Millar,http://www.jwksolicitors.co.uk,Law Practice,https://www.linkedin.com/company/10537693,Lancaster. United Kingdom,,51-200
3 Paper Buildings,http://3pb.co.uk,Law Practice,https://www.linkedin.com/company/7140123,United Kingdom,1892,51-200
HSR Law Solicitors,http://www.hsrlaw.co.uk/,Law Practice,https://www.linkedin.com/company/10209717,Doncaster. England. United Kingdom,1856,51-200
BBH Legal Services Limited,http://bbhlegal.co.uk,Law Practice,https://www.linkedin.com/company/7110223,Eastham. England. United Kingdom,2011,51-200
3PB Barristers,http://www.3pb.co.uk,Law Practice,https://www.linkedin.com/company/11201305,Temple. England. United Kingdom,1892,51-200
Widdows Mason,http://www.widdows.co.uk,Law Practice,https://www.linkedin.com/company/2769149,Leigh. England. United Kingdom,1878,51-200
Gamlins Solicitors,http://www.gamlins.com,Law Practice,https://www.linkedin.com/company/3253725,Rhyl. Wales. United Kingdom,,51-200
GloverPriest Solicitors Ltd,http://www.gloverpriest.com/,Law Practice,https://www.linkedin.com/company/10417439,Birmingham. England. United Kingdom,2013,51-200
P R Scully & Co Solicitors,http://prscully.com/,Law Practice,https://www.linkedin.com/company/2840548,St. Helens. England. United Kingdom,1999,51-200
Meikles Solicitors,http://meikles-solicitors.co.uk,Law Practice,https://www.linkedin.com/company/8354510,Spennymoor. England. United Kingdom,,51-200
Concordance LLP,,Law Practice,https://www.linkedin.com/company/2564169,Middlemarch Business Park. England. United Kingdom,2012,51-200
Hatchers Solicitors LLP,https://www.hatchers.co.uk/,Law Practice,https://www.linkedin.com/company/11257407,Shrewsbury. England. United Kingdom,1976,51-200
Farani Taylor Solicitors,http://www.faranitaylor.com,Law Practice,https://www.linkedin.com/company/25039194,Fleet Street. England. United Kingdom,2008,51-200
BRM Solicitors,https://www.brmlaw.co.uk,Law Practice,https://www.linkedin.com/company/476929,Chesterfield. England. United Kingdom,1982,51-200
Morr & Co - The new name for Wheelers Solicitors,http://www.morrlaw.com,Law Practice,https://www.linkedin.com/company/260175,Ash Vale. England. United Kingdom,,51-200
Principia Law,http://www.principia-law.co.uk,Law Practice,https://www.linkedin.com/company/3072475,Higher Shurlach. England. United Kingdom,2013,51-200
Gildeas,https://www.gildeas.net,Law Practice,https://www.linkedin.com/company/494327,Glasgow. Scotland. United Kingdom,1989,51-200
SSB Law,http://www.ssblaw.co.uk,Law Practice,https://www.linkedin.com/company/466374,Sheffield. England. United Kingdom,2007,51-200
Rushton Hinchy Solicitors,http://www.rushtonhinchy.co.uk,Law Practice,https://www.linkedin.com/company/3215561,Rainford. England. United Kingdom,,51-200
Oracle Solicitors,https://oraclesolicitors.co.uk,Law Practice,https://www.linkedin.com/company/10556188,London. England. United Kingdom,2002,51-200
Hennah Haywood Law,https://linktr.ee/Hennahhaywoodlaw,Law Practice,https://www.linkedin.com/company/10102824,Newport. Wales. United Kingdom,1887,51-200
Advantage Solicitors LTD,http://advantagesolicitors.com,Law Practice,https://www.linkedin.com/company/8088984,Lower Edmonton. England. United Kingdom,2013,51-200
Morgans,http://www.morganlaw.co.uk,Law Practice,https://www.linkedin.com/company/10195743,Dunfermline. Scotland. United Kingdom,1993,51-200
11 Stone Buildings,http://www.11sb.com,Law Practice,https://www.linkedin.com/company/1074608,London. England. United Kingdom,,51-200
Brecher LLP,https://www.brecher.co.uk,Law Practice,https://www.linkedin.com/company/685444,London. England. United Kingdom,1996,51-200
Ledingham Chalmers LLP,http://www.ledinghamchalmers.com,Law Practice,https://www.linkedin.com/company/365028,Aberdeen. Scotland. United Kingdom,,51-200
Miller Hendry,http://www.millerhendrysolicitors.co.uk/,Law Practice,https://www.linkedin.com/company/2412234,Perth. Scotland. United Kingdom,,51-200
RMNJ SOLICITORS,http://www.rmnj.co.uk,Law Practice,https://www.linkedin.com/company/9109682,Birkenhead. England. United Kingdom,,51-200
Shadbolt LLP,http://www.shadboltlaw.com,Law Practice,https://www.linkedin.com/company/77076,United Kingdom,,51-200
Beck Greener LLP,http://www.beckgreener.com,Law Practice,https://www.linkedin.com/company/1176058,London. England. United Kingdom,1867,51-200
Denison Till Solicitors,http://www.denisontill.com/,Law Practice,https://www.linkedin.com/company/403787,York. England. United Kingdom,1965,51-200
23ES,http://www.23es.com,Law Practice,https://www.linkedin.com/company/922674,Grays Inn. England. United Kingdom,1934,51-200
Andersons Solicitors,,Law Practice,https://www.linkedin.com/company/79919,. . . .,,51-200
Benson Mazure Llp,http://www.bensonmazure.co.uk,Law Practice,https://www.linkedin.com/company/4542393,London. England. United Kingdom,,51-200
Debenhams Ottaway,http://www.debenhamsottaway.co.uk,Law Practice,https://www.linkedin.com/company/1287261,St Albans. England. United Kingdom,,51-200
Myerson Solicitors,https://www.myerson.co.uk,Law Practice,https://www.linkedin.com/company/1182365,Altrincham. England. United Kingdom,1982,51-200
NABARRO NATHANSON LIMITED,,Law Practice,https://www.linkedin.com/company/6064395,Grays Inn. England. United Kingdom,,51-200
Teacher Stern Selby,,Law Practice,https://www.linkedin.com/company/128575,United Kingdom,,51-200
Teacher Stern LLP,http://www.teacherstern.com,Law Practice,https://www.linkedin.com/company/505190,London. England. United Kingdom,1967,51-200
Lawcomm Solicitors,https://www.lawcomm.co.uk,Law Practice,https://www.linkedin.com/company/1822396,Whiteley. England. United Kingdom,1999,51-200
Everatt & Co,http://www.everatt.co.uk,Law Practice,https://www.linkedin.com/company/1602228,London. England. United Kingdom,,51-200
Ackroyd Legal,http://www.ackroydlegal.com,Law Practice,https://www.linkedin.com/company/10410199,Whitechapel. England. United Kingdom,2016,51-200
LPL,http://www.lpropertylawyers.co.uk,Law Practice,https://www.linkedin.com/company/18176557,Manchester. England. United Kingdom,2017,51-200
BERWIN LEIGHTON LIMITED,http://www.blplaw.com/,Law Practice,https://www.linkedin.com/company/8918505,Blackfriars. England. United Kingdom,,51-200
7 Harrington Street Chambers,http://www.7hs.co.uk,Law Practice,https://www.linkedin.com/company/3181714,Liverpool. England. United Kingdom,,51-200
11KBW,http://www.11kbw.com,Law Practice,https://www.linkedin.com/company/2456204,Temple. England. United Kingdom,1982,51-200
Paull & Williamsons,www.paull-williamsons.co.uk,Law Practice,https://www.linkedin.com/company/691619,AB10 1DQ. . . .,,51-200
Beswicks Legal,https://www.beswicks.com,Law Practice,https://www.linkedin.com/company/919642,Stoke-on-Trent. England. United Kingdom,1921,51-200
Herrington Carmichael LLP,http://www.herrington-carmichael.com,Law Practice,https://www.linkedin.com/company/293980,Camberley. England. United Kingdom,1935,51-200
Parfitt Cresswell,http://www.parfittcresswell.com,Law Practice,https://www.linkedin.com/company/216298,Windsor. England. United Kingdom,1908,51-200
stevensdrake solicitors,http://www.stevensdrake.com,Law Practice,https://www.linkedin.com/company/315583,Crawley. England. United Kingdom,1782,51-200
Donns LLP,,Law Practice,https://www.linkedin.com/company/9017770,Marple. England. United Kingdom,,51-200
Advantage Law,http://www.advantagelaw.co.uk,Law Practice,https://www.linkedin.com/company/2320761,Birmingham. England. United Kingdom,2010,51-200
Taylor Bracewell,http://www.taylorbracewell.co.uk,Law Practice,https://www.linkedin.com/company/1942991,Doncaster. England. United Kingdom,,51-200
Dehns,http://www.dehns.com,Law Practice,https://www.linkedin.com/company/82302,United Kingdom,1920,51-200
Caesar & Howie,http://www.caesar-howie.co.uk/,Law Practice,https://www.linkedin.com/company/636048,Bathgate. Scotland. United Kingdom,1792,51-200
Drummond Miller LLP,http://www.drummondmiller.co.uk,Law Practice,https://www.linkedin.com/company/4027168,Edinburgh. Scotland. United Kingdom,,51-200
WESTGATE CHAMBERS LIMITED,http://westgate-chambers.co.uk,Law Practice,https://www.linkedin.com/company/8905217,Lewes. England. United Kingdom,,51-200
POUND WORLD LTD,,Law Practice,https://www.linkedin.com/company/9031531,Buxton. England. United Kingdom,,51-200
Lambert Pugh llp,http://www.lambertpugh.co.uk,Law Practice,https://www.linkedin.com/company/3489691,Norwich. England. United Kingdom,2005,51-200
Theodore Goddard,,Law Practice,https://www.linkedin.com/company/6370241,Barbican. England. United Kingdom,,51-200
Pickerings Solicitors,http://www.pickerings-solicitors.com/index.htm,Law Practice,https://www.linkedin.com/company/466556,Tamworth. England. United Kingdom,1997,51-200
Beviss & Beckingsale LLP,http://www.bevissandbeckingsale.co.uk,Law Practice,https://www.linkedin.com/company/2522553,Axminster. England. United Kingdom,,51-200
Juscutum Consulting Group Limited,,Law Practice,https://www.linkedin.com/company/11493055,United Kingdom,2017,51-200
Gosschalks Solicitors,http://www.gosschalks.co.uk,Law Practice,https://www.linkedin.com/company/491858,Hull. England. United Kingdom,1889,51-200
Dere Street Barristers,http://www.derestreet.co.uk,Law Practice,https://www.linkedin.com/company/10596750,Newcastle upon Tyne. England. United Kingdom,2010,51-200
Beyond Law Group,http://Beyondgrp.co.uk,Law Practice,https://www.linkedin.com/company/11304244,Manchester. England. United Kingdom,2017,51-200
Elliot Mather LLP,http://www.elliotmather.co.uk,Law Practice,https://www.linkedin.com/company/2075997,Chesterfield. England. United Kingdom,1875,51-200
McClure Solicitors,http://www.mcclure-solicitors.co.uk,Law Practice,https://www.linkedin.com/company/2836842,Glasgow. Scotland. United Kingdom,1853,51-200
Newtons Solicitors Limited,http://www.newtons.co.uk,Law Practice,https://www.linkedin.com/company/1237851,Knaresborough. England. United Kingdom,2009,51-200
University of Derby Law Society,https://www.derbyunion.co.uk/societies/law/,Law Practice,https://www.linkedin.com/company/11394479,Derby. United Kingdom,,51-200
Family Law Group,http://www.familylawgroup.co.uk,Law Practice,https://www.linkedin.com/company/5265285,Nottingham. England. United Kingdom,2005,51-200
Burnett & Reid LLP,http://www.burnett-reid.co.uk,Law Practice,https://www.linkedin.com/company/325898,Aberdeen. Scotland. United Kingdom,1754,51-200
Neves Solicitors - Luton. Milton Keynes and Harpenden,http://www.nevesllp.co.uk,Law Practice,https://www.linkedin.com/company/497063,Luton. England. United Kingdom,1867,51-200
Watson Ramsbottom,http://www.watsonramsbottom.com,Law Practice,https://www.linkedin.com/company/1801678,Blackburn. England. United Kingdom,1908,51-200
Mortimer Clarke Solicitors,https://www.mortimerclarke.co.uk/,Law Practice,https://www.linkedin.com/company/8667621,Worthing. England. United Kingdom,2007,51-200
FORD SIMEY LLP,http://www.fordsimey.co.uk,Law Practice,https://www.linkedin.com/company/3845431,Exeter. United Kingdom,1750,51-200
Maurice Turnor Gardner LLP,http://www.mauriceturnorgardner.com,Law Practice,https://www.linkedin.com/company/4009705,Barbican. England. United Kingdom,2009,51-200
Thomson Webb & Corfield,http://twclaw.co.uk,Law Practice,https://www.linkedin.com/company/3359952,Cambridge. England. United Kingdom,1996,51-200
HRJ Law LLP,http://www.hrjlaw.co.uk,Law Practice,https://www.linkedin.com/company/1051004,Hitchin. England. United Kingdom,,51-200
KSB Law,,Law Practice,https://www.linkedin.com/company/117673,United Kingdom,,51-200
University of Plymouth Law Society,https://www.uplawsociety.com/,Law Practice,https://www.linkedin.com/company/10410376,Plymouth. England. United Kingdom,,51-200
GHP Legal,http://www.ghplegal.com,Law Practice,https://www.linkedin.com/company/1428485,Wrexham. Wales. United Kingdom,1970,51-200
Harcourt - Family Law,http://www.harcourtchambers.co.uk,Law Practice,https://www.linkedin.com/company/720706,Temple. England. United Kingdom,,51-200
Consumer Credit Litigation Solicitors,,Law Practice,https://www.linkedin.com/company/573772,Ardwick. England. United Kingdom,,51-200
Valuation Tribunal for England,https://www.valuationtribunal.gov.uk/,Law Practice,https://www.linkedin.com/company/18724586,. England. London. 120 Leman Street.,,51-200
BARBRI International,https://www.barbri-international.com/,Law Practice,https://www.linkedin.com/company/11679480,London Colney. England. United Kingdom,1967,51-200
BCL Solicitors LLP,http://www.bcl.com,Law Practice,https://www.linkedin.com/company/21774723,London. England. United Kingdom,1991,51-200
Metcalfe Copeman and Pettefar LLP,http://www.mcp-law.co.uk,Law Practice,https://www.linkedin.com/company/2166969,Thetford. England. United Kingdom,1784,51-200
Bonnetts Solicitors,http://bonnetts.co.uk,Law Practice,https://www.linkedin.com/company/8533860,Ascot. England. United Kingdom,1929,51-200
Sternberg Reed Solicitors Llp,www.sternberg-reed.co.uk,Law Practice,https://www.linkedin.com/company/4031132,United Kingdom,,51-200
Three Crowns LLP,http://www.threecrownsllp.com,Law Practice,https://www.linkedin.com/company/7258422,Fleet Street. England. United Kingdom,2014,51-200
Crawford,,Law Practice,https://www.linkedin.com/company/1915334,London. England. United Kingdom,,51-200
Goldsmith Chambers,http://www.goldsmithchambers.com/,Law Practice,https://www.linkedin.com/company/18668794,Temple. England. United Kingdom,,51-200
DTM Legal LLP,http://www.dtmlegal.com,Law Practice,https://www.linkedin.com/company/223946,Chester. England. United Kingdom,2008,51-200
Bates Solicitors,http://www.batessolicitors.co.uk,Law Practice,https://www.linkedin.com/company/5202287,Strand. England. United Kingdom,1913,51-200
Ashton Morton Slack Llp,http://www.ashtonmortonslack.co.uk,Law Practice,https://www.linkedin.com/company/4049161,Leeds. England. United Kingdom,,51-200
Bishopsgate Law,http://www.bishopsgatelaw.com,Law Practice,https://www.linkedin.com/company/18560663,Liverpool Street. England. United Kingdom,2016,51-200
Direction Law,http://directionlaw.co.uk,Law Practice,https://www.linkedin.com/company/11591941,Canterbury. England. United Kingdom,1976,51-200
Farnfields Solicitors,https://www.farnfields.com,Law Practice,https://www.linkedin.com/company/1273125,Gillingham. England. United Kingdom,1936,51-200
4BB,http://www.4bb.co.uk,Law Practice,https://www.linkedin.com/company/9613091,London. England. United Kingdom,,51-200
DUNCAN LEWIS LLP,http://www.duncanlewis.co.uk,Law Practice,https://www.linkedin.com/company/8082163,Harrow. England. United Kingdom,,51-200
NewBold Solicitors,http://www.newboldsolicitors.com,Law Practice,https://www.linkedin.com/company/3330688,Pontrhydyrun. Wales. United Kingdom,,51-200
Symes Bains Broomer,http://www.sbblaw.com,Law Practice,https://www.linkedin.com/company/1923865,Scunthorpe. England. United Kingdom,,51-200
Gilbert Stephens LLP Solicitors,http://www.gilbertstephens.co.uk,Law Practice,https://www.linkedin.com/company/931363,Exeter. England. United Kingdom,,51-200
Anderson Rowntree Solicitors,http://www.ar-law.co.uk,Law Practice,https://www.linkedin.com/company/1743062,Chichester. England. United Kingdom,1850,51-200
Hull and East Yorkshire Junior Lawyers Division,https://www.facebook.com/groups/329973777167036/,Law Practice,https://www.linkedin.com/company/28975370,Hull. England. United Kingdom,,51-200
Mackrell.Solicitors Sports Law,http://www.mackrell.com,Law Practice,https://www.linkedin.com/company/10101580,Strand. England. United Kingdom,,51-200
LSBU Law Society,https://www.lsbsu.org/societies/Law/,Law Practice,https://www.linkedin.com/company/18592657,North Lambeth. England. United Kingdom,,51-200
NEWEDGE UK FINANCIAL LIMITED,http://www.newedge.com/,Law Practice,https://www.linkedin.com/company/8286545,Whitechapel. England. United Kingdom,,51-200
Harris Temperley Llp,,Law Practice,https://www.linkedin.com/company/4780949,Hammersmith and Fulham. England. United Kingdom,,51-200
VESM - Centre for Innovation in Dispute Resolution,http://vantage10.com/training,Law Practice,https://www.linkedin.com/company/11390000,London. United Kingdom,,51-200
RICH & CARR,http://www.richandcarr.co.uk,Law Practice,https://www.linkedin.com/company/22205994,Leicester. England. United Kingdom,,51-200
Wolstenholmes LLP,http://www.wolstenholmes.co.uk,Law Practice,https://www.linkedin.com/company/558603,Manchester. England. United Kingdom,1818,51-200
Magdalen Chambers,https://www.magdalenchambers.co.uk,Law Practice,https://www.linkedin.com/company/18350962,Exeter. England. United Kingdom,,51-200
Crisp & Co,http://www.crispandco.com/,Law Practice,https://www.linkedin.com/company/3132079,Guildford. England. United Kingdom,1996,51-200
Equity Chambers,http://equitychambers.org.uk,Law Practice,https://www.linkedin.com/company/11997218,Birmingham. England. United Kingdom,,51-200
COLLINS SOLICITORS LLP,http://www.anthonycollins.com/,Law Practice,https://www.linkedin.com/company/5585584,Watford. England. United Kingdom,,51-200
GRAHAMESTOWE BATESON,http://www.grahame-stowe-bateson.co.uk,Law Practice,https://www.linkedin.com/company/1949507,Leeds. England. United Kingdom,1981,51-200
CITIZENS ADVICE DIRECT LIMITED,,Law Practice,https://www.linkedin.com/company/8296268,Glasgow. Scotland. United Kingdom,,51-200
Bison Management,http://www.bisonmanagement.com,Law Practice,https://www.linkedin.com/company/3260462,Atterbury. England. United Kingdom,1998,51-200
ICC FraudNet,https://icc-ccs.org/home/fraudnet,Law Practice,https://www.linkedin.com/company/9398848,Whitechapel. England. United Kingdom,2004,51-200
Clear Commercial,http://www.clearcommercial.co.uk,Law Practice,https://www.linkedin.com/company/11011271,Manchester. England. United Kingdom,2005,51-200
KJD,http://www.kjd.co.uk,Law Practice,https://www.linkedin.com/company/481283,Stoke-on-Trent. England. United Kingdom,,51-200
Donald Race & Newton Solicitors,http://www.drnlaw.co.uk/,Law Practice,https://www.linkedin.com/company/4843558,Burnley. England. United Kingdom,1924,51-200
HACKING ASHTON LLP,http://hackingashton.co.uk,Law Practice,https://www.linkedin.com/company/3847786,Newcastle-under-Lyme. England. United Kingdom,,51-200
Cambridge Journal of International and Comparative Law,http://cjicl.org.uk/,Law Practice,https://www.linkedin.com/company/3529895,Cambridge. England. United Kingdom,2011,51-200
Gowen & Stevens LLP,http://gowenandstevens.com,Law Practice,https://www.linkedin.com/company/7241883,Sutton. England. United Kingdom,,51-200
John Fowlers Solicitors LLP,http://www.johnfowlers.co.uk/,Law Practice,https://www.linkedin.com/company/10074636,Colchester. England. United Kingdom,1924,51-200
TRUE Solicitors LLP,http://www.true.co.uk,Law Practice,https://www.linkedin.com/company/22218945,Newcastle upon Tyne. England. United Kingdom,1995,51-200
McSherry Halliday LLP,http://www.mcsherryhalliday.co.uk/,Law Practice,https://www.linkedin.com/company/5149023,Scotland Gate. England. United Kingdom,,51-200
HRS Family Law Solicitors,http://www.hrsfamilylawsolicitors.com,Law Practice,https://www.linkedin.com/company/19314493,Dudley. England. United Kingdom,,51-200
James and George Collie LLP,http://jgcollie.co.uk,Law Practice,https://www.linkedin.com/company/6810904,Aberdeen. Scotland. United Kingdom,1841,51-200
Brookes IP - now Venner Shipley LLP,http://www.vennershipley.co.uk,Law Practice,https://www.linkedin.com/company/1949908,Royal Tunbridge Wells. England. United Kingdom,1852,51-200
HCO,http://www.hco.legal,Law Practice,https://www.linkedin.com/company/9334840,Fenchurch Street. England. United Kingdom,2007,51-200
EDGE ELLISON SERVICES,,Law Practice,https://www.linkedin.com/company/6749117,Birmingham. England. United Kingdom,,51-200
GT Stewart Solicitors,https://www.gtstewart.co.uk,Law Practice,https://www.linkedin.com/company/16764544,East Dulwich. England. United Kingdom,,51-200
Clodes Solicitors & Advocates,http://www.clodes-solicitors.com,Law Practice,https://www.linkedin.com/company/11642940,Cardiff. Wales. United Kingdom,,51-200
Grange Wintringham,http://www.grangewintringham.com,Law Practice,https://www.linkedin.com/company/305178,South Ferriby. England. United Kingdom,,51-200
LMS Legal LLP,http://www.lmslex.com/,Law Practice,https://www.linkedin.com/company/19459425,Fleet Street. England. United Kingdom,,51-200
Vyman Solicitors Ltd,https://vyman.co.uk,Law Practice,https://www.linkedin.com/company/6349116,Harrow. England. United Kingdom,,51-200
Hartnell Chanot & Partners Ltd,http://www.hartnellchanot.co.uk,Law Practice,https://www.linkedin.com/company/1744065,Exeter. England. United Kingdom,1991,51-200
.,http://www.gblf.co.uk,Law Practice,https://www.linkedin.com/company/116311,Team Valley Trading Estate. England. United Kingdom,,51-200
WILSON SOLICITORS LLP,https://www.wilsonllp.co.uk,Law Practice,https://www.linkedin.com/company/16312439,Tottenham. England. United Kingdom,1989,51-200
SECURE LAW LIMITED,http://securelaw.co.uk,Law Practice,https://www.linkedin.com/company/3844819,Pontprennau. Wales. United Kingdom,,51-200
MORISONS LLP,,Law Practice,https://www.linkedin.com/company/8732650,Edinburgh. Scotland. United Kingdom,,51-200
12 Old Square,http://www.12os.com,Law Practice,https://www.linkedin.com/company/6861502,United Kingdom,1965,51-200
Cygnet Law,http://cygnetlaw.co.uk,Law Practice,https://www.linkedin.com/company/11981469,Redcar. England. United Kingdom,,51-200
PICKERINGS SOLICITORS (TAMWORTH) LIMITED,http://www.pickerings-solicitors.com,Law Practice,https://www.linkedin.com/company/21749422,Tamworth. England. United Kingdom,,51-200
SPG Law,https://spglaw.com.br,Law Practice,https://www.linkedin.com/company/12673555,Fleet Street. England. United Kingdom,,51-200
Gotelee Solicitors,,Law Practice,https://www.linkedin.com/company/1282975,Ipswich. England. United Kingdom,,51-200
ARDEN CHAMBERS LIMITED,http://www.ardenchambers.com,Law Practice,https://www.linkedin.com/company/8477750,East Grinstead. England. United Kingdom,,51-200
Cullen Kilshaw Solicitors & Estate Agents,http://www.cullenkilshaw.com,Law Practice,https://www.linkedin.com/company/5263585,Galashiels. Scotland. United Kingdom,1980,51-200
EMIN READ SOLICITORS LTD,http://www.eminread.co.uk,Law Practice,https://www.linkedin.com/company/16957067,Battle. England. United Kingdom,,51-200
Alderson Law LLP,http://www.aldersonlaw.co.uk,Law Practice,https://www.linkedin.com/company/33252299,Morpeth. England. United Kingdom,2013,51-200
Caledonian Hotel,,Law Practice,https://www.linkedin.com/company/8025883,Newcastle upon Tyne. England. United Kingdom,,51-200
Harris & Harris Solicitors,http://harris-harris.co.uk,Law Practice,https://www.linkedin.com/company/7204957,Wells. England. United Kingdom,1910,51-200
PURE LEGAL LIMITED,http://purelegallimited.co.uk,Law Practice,https://www.linkedin.com/company/20928549,Liverpool. England. United Kingdom,,51-200
Legal Profession,http://www.emailadetainee.com,Law Practice,https://www.linkedin.com/company/10733402,Frome. England. United Kingdom,,51-200
Campbell Smith LLP,http://www.camsmith.co.uk,Law Practice,https://www.linkedin.com/company/6376170,Edinburgh. Scotland. United Kingdom,,51-200
Laceys Mediation,http://www.laceysmediation.co.uk,Law Practice,https://www.linkedin.com/company/2883414,Bournemouth. England. United Kingdom,,51-200
Glynis Wright & Co Family Solicitors & Mediators,https://www.glyniswright.co.uk/,Law Practice,https://www.linkedin.com/company/33182112,Leicester. England. United Kingdom,2011,51-200
Bridge McFarland LLP,https://www.bridgemcfarland.co.uk,Law Practice,https://www.linkedin.com/company/35690122,Grimsby. England. United Kingdom,,51-200
Bike Assist Legal,https://www.bikeassist.co.uk/,Law Practice,https://www.linkedin.com/company/14035082,Thorpe Industrial Estate. England. United Kingdom,,51-200
Footner and Ewing,https://footner-ewing.co.uk,Law Practice,https://www.linkedin.com/company/18596141,Southampton. England. United Kingdom,,51-200
Scott+Scott UK LLP,http://www.scott-scott.com,Law Practice,https://www.linkedin.com/company/35656362,London. England. United Kingdom,,51-200
ELS - Public law,http://www.elslegal.org.uk,Law Practice,https://www.linkedin.com/company/10540878,Chelmsford. England. United Kingdom,1889,51-200
Shield and Kyd,http://www.shieldandkyd.co.uk,Law Practice,https://www.linkedin.com/company/621367,Edinburgh. Scotland. United Kingdom,,51-200
McCartan Turkington Breen,http://mtb-law.co.uk,Law Practice,https://www.linkedin.com/company/11854011,Belfast. Northern Ireland. United Kingdom,1977,51-200
9 Bedford Row,http://www.9bedfordrow.co.uk,Law Practice,https://www.linkedin.com/company/19183008,London. England. United Kingdom,,51-200
Kingsfords Solicitors ltd,http://www.kingsfords-solicitors.com/,Law Practice,https://www.linkedin.com/company/11535982,Ashford. England. United Kingdom,1885,51-200
AMHURST BROWN LIMITED,http://www.amhurst-brown.com,Law Practice,https://www.linkedin.com/company/6112427,East Molesey. England. United Kingdom,,51-200
Gildeas Solicitors,http://www.gildeas.net,Law Practice,https://www.linkedin.com/company/12591319,United Kingdom,,51-200
Nantes Solicitors Ltd,http://www.nantes.co.uk,Law Practice,https://www.linkedin.com/company/19147521,Weymouth. England. United Kingdom,,51-200
Law Lane Solicitors,http://www.lawlanesolicitors.co.uk,Law Practice,https://www.linkedin.com/company/18508582,London Colney. England. United Kingdom,2015,51-200
GS Verde Group,https://www.gsverde.group/,Law Practice,https://www.linkedin.com/company/14818747,Cardiff. Wales. United Kingdom,2013,51-200
Muve,http://www.muve.me.uk,Law Practice,https://www.linkedin.com/company/36014956,Richmond. England. United Kingdom,,51-200
Art & Cultural Property Law Group - Constantine Cannon LLP,http://constantinecannon.com/practices/art-cultural-property/,Law Practice,https://www.linkedin.com/company/7939459,Blackfriars. England. United Kingdom,2013,51-200
Andrew Ross Taylor,http://www.wjm.co.uk,Law Practice,https://www.linkedin.com/company/2440815,Dunfermline. Scotland. United Kingdom,,51-200
LM Costs,http://www.lmcosts.co.uk,Law Practice,https://www.linkedin.com/company/14844392,Blackburn. England. United Kingdom,,51-200
Briton Solicitors,http://britainsolicitors.co.uk,Law Practice,https://www.linkedin.com/company/6860230,Ilford. England. United Kingdom,,51-200
Youngs,https://youngs.law/,Law Practice,https://www.linkedin.com/company/10899876,Stoke-on-Trent. England. United Kingdom,1836,51-200
England Stickland & Neale,http://esnsolicitors.com,Law Practice,https://www.linkedin.com/company/7067564,Birmingham. England. United Kingdom,1979,51-200
Connell Associates Solicitors,http://www.connellassociates.co.uk,Law Practice,https://www.linkedin.com/company/10954877,Liverpool. England. United Kingdom,,51-200
Lime Solicitors,https://www.limesolicitors.co.uk,Law Practice,https://www.linkedin.com/company/11521653,Birmingham. England. United Kingdom,,51-200
Access Law Solicitors. a trading name of Footner & Ewing LLP,http://www.accesslaw.co.uk,Law Practice,https://www.linkedin.com/company/14034492,Southampton. England. United Kingdom,2005,51-200
Pinkney Grunwells Lawyers LLP,http://www.pinkneygrunwells.co.uk,Law Practice,https://www.linkedin.com/company/18870238,Scarborough. England. United Kingdom,1938,51-200
Lockings Solicitors,https://www.lockings.co.uk,Law Practice,https://www.linkedin.com/company/19000043,Hull. England. United Kingdom,1949,51-200
Carpenter & Co Solicitors,https://www.carpenterssolicitors.co.uk,Law Practice,https://www.linkedin.com/company/19028304,Wallington. England. United Kingdom,,51-200
University of Westminster Legal Bar Society,https://www.uwsu.com/groups/bar-society-3669,Law Practice,https://www.linkedin.com/company/29288045,West End. England. United Kingdom,,51-200
Pallant Chambers,https://www.pallantchambers.co.uk,Law Practice,https://www.linkedin.com/company/13981097,Chichester. England. United Kingdom,,51-200
Hawley & Rodgers,http://www.hawleyandrodgers.com,Law Practice,https://www.linkedin.com/company/29347146,Loughborough. England. United Kingdom,1939,51-200
Malcolm C Foy & Co Ltd,http://www.malcolmcfoy.co.uk,Law Practice,https://www.linkedin.com/company/20269788,Doncaster. England. United Kingdom,1972,51-200
Gamlins,http://gamlins.com/,Law Practice,https://www.linkedin.com/company/26269140,Llandudno. Wales. United Kingdom,,51-200
Edinburgh University International Law Students’ Society,,Law Practice,https://www.linkedin.com/company/34736360,Edinburgh. Scotland. United Kingdom,,51-200
Mackrell. Family & Relationship Solicitors,http://www.mackrellfamilylaw.com,Law Practice,https://www.linkedin.com/company/10025480,London Colney. England. United Kingdom,,51-200
Tully Rinckey LLP - England and Wales,,Law Practice,https://www.linkedin.com/company/20482307,West End. England. United Kingdom,,51-200
Prawnik w UK,https://prawnikwuk.com/,Law Practice,https://www.linkedin.com/company/19130911,Regents Park. England. United Kingdom,,51-200
Accident claim helpline solicitors,http://car-accident-claims.co.uk/,Law Practice,https://www.linkedin.com/company/18409169,Bolton. England. United Kingdom,,51-200
Akbar Law Chamber,https://www.linkedin.com/company/18883838,Law Practice,https://www.linkedin.com/company/18883838,United Kingdom,,51-200
BWK Solicitors,http://www.BWKsolicitors.co.uk,Law Practice,https://www.linkedin.com/company/36999391,Stone. England. United Kingdom,,51-200
Scot Accident Claims,https://www.scotaccidentclaims.co.uk,Law Practice,https://www.linkedin.com/company/14822083,Glasgow. Scotland. United Kingdom,,51-200
Aldridge Brownlee Solicitors LLP,http://absolicitors.com/,Law Practice,https://www.linkedin.com/company/18669151,Bournemouth. England. United Kingdom,,51-200
Dreyfield & Partner Ltd.,https://www.dreyfield.de,Law Practice,https://www.linkedin.com/company/30678175,London. England. United Kingdom,,51-200
Healys LLP Professional Negligence,https://healys.com/services/professional-negligence/,Law Practice,https://www.linkedin.com/company/64715900,London. England. United Kingdom,,51-200
Kinetic Law,http://kineticlaw.co.uk,Law Practice,https://www.linkedin.com/company/42128917,Whitebirk Industrial Estate. England. United Kingdom,,51-200
Bishopsgate Law,https://www.bishopsgatelaw.com/about.html,Law Practice,https://www.linkedin.com/company/18391207,Aylesbury. England. United Kingdom,,51-200
PGMBM,http://pgmbm.com,Law Practice,https://www.linkedin.com/company/42406848,London. England. United Kingdom,,51-200
Commercial Awareness Weekly,,Law Practice,https://www.linkedin.com/company/42696260,London. England. United Kingdom,,51-200
Alston Law,http://www.alstonlaw.co.uk,Law Practice,https://www.linkedin.com/company/68212534,Glasgow. Scotland. United Kingdom,,51-200
University of Leicester Legal Advice Clinic,https://www2.le.ac.uk/offices/welfare/legal-advice,Law Practice,https://www.linkedin.com/company/71104087,Leicester. England. United Kingdom,,51-200
McLaw,,Law Practice,https://www.linkedin.com/company/67330379,London Colney. England. United Kingdom,,51-200
Gowing Law Solicitors,https://GowingLaw.co.uk,Law Practice,https://www.linkedin.com/company/71673005,Manchester. England. United Kingdom,,51-200
The Law Mind,http://www.lawmind.co.uk,Law Practice,https://www.linkedin.com/company/67702399,Urmston. England. United Kingdom,,51-200
Arthur Cox NI,https://www.arthurcox.com/contact/belfast/,Law Practice,https://www.linkedin.com/company/69222734,Belfast. Northern Ireland. United Kingdom,,51-200
Green Wright Chalton Annis Solicitors,https://www.gwca.co.uk/,Law Practice,https://www.linkedin.com/company/75518071,Worthing. England. United Kingdom,,51-200
McVey and Murricane,http://www.mmilegal.com,Law Practice,https://www.linkedin.com/company/76877186,Glasgow. Scotland. United Kingdom,,51-200
Adam Bernard Solicitors,https://www.adambernards.co.uk/,Law Practice,https://www.linkedin.com/company/78605854,South Marylebone. England. United Kingdom,,51-200
Carbon Flourish,https://www.flourishwithcarbon.com/,Law Practice,https://www.linkedin.com/company/69712417,Tewkesbury. England. United Kingdom,,51-200
Spicketts Battrick Law Practice,http://Spickettsbattrick.co.uk,Law Practice,https://www.linkedin.com/company/63816814,Cardiff. Wales. United Kingdom,,51-200
36Immigration,https://36group.co.uk/immigration,Law Practice,https://www.linkedin.com/company/68795054,London. England. United Kingdom,,51-200
Newcastle University Bar Society,https://www.nusu.co.uk/getinvolved/societies/society/barsocietylaw/,Law Practice,https://www.linkedin.com/company/66233410,Newcastle upon Tyne. England. United Kingdom,,51-200
SDSS LIMITED,http://www.sdss.co.uk/,Law Practice,https://www.linkedin.com/company/6192451,Braithwaite. England. United Kingdom,,51-200
City Law Practice,https://citylaws.co.uk/,Law Practice,https://www.linkedin.com/company/67685863,Birmingham. England. United Kingdom,,51-200
Hagens Berman UK LLP,https://www.hbsslaw.co.uk/,Law Practice,https://www.linkedin.com/company/74715984,London. England. United Kingdom,,51-200
BRACEWELL CONSULTANCY LTD,,Law Practice,https://www.linkedin.com/company/8087471,Kirknewton. Scotland. United Kingdom,,51-200
DisruptiveTech by Fox Williams,http://www.foxwilliams.com/sectors/technology,Law Practice,https://www.linkedin.com/company/69634820,Liverpool Street. England. United Kingdom,,51-200
